Order_ID,Order_Date,Product_ID,Quantity_Sold,Store_Region,Unit_Price,Line_Revenue,Product_Category,Current_Stock_Level,Reorder_Point,Supplier_Name,Lead_Time_Days,Inventory_Turnover_Rate,Stockout_Risk_Flag,ABC_Classification
ORD-01001,2026-05-09,PROD-002,3.0,NORTH,148.42307232669762,445.2692169800929,Apparel,165,64,Gamma Corp,2,1.32,0,A
ORD-01002,2026-05-01,PROD-007,3.0,NORTH,182.99469188414812,548.9840756524444,Electronics,63,18,Alpha Logistics,16,2.59,0,B
ORD-01003,2026-01-27,PROD-018,6.0,WEST,448.1062082412929,2688.6372494477573,Apparel,25,54,Gamma Corp,12,7.64,1,A
ORD-01004,2026-05-01,PROD-027,3.0,NORTH,473.7636914436987,1421.291074331096,Home Appliances,268,79,Gamma Corp,13,0.69,0,A
ORD-01005,2026-04-26,PROD-002,2.0,SOUTH,447.3535314683725,894.707062936745,Apparel,165,64,Gamma Corp,2,1.32,0,A
ORD-01006,2026-01-03,PROD-027,5.0,NORTH,215.5295170390837,1077.6475851954185,Home Appliances,268,79,Gamma Corp,13,0.69,0,A
ORD-01007,2026-04-13,PROD-017,5.0,NORTH,392.379096473372,1961.89548236686,Apparel,139,76,Alpha Logistics,16,1.62,0,A
ORD-01008,2026-06-04,PROD-011,1.0,WEST,243.4045093175384,243.4045093175384,Office Supplies,194,58,Gamma Corp,8,0.71,0,A
ORD-01009,2026-05-17,PROD-027,3.0,NORTH,253.79452755159008,761.3835826547702,Home Appliances,268,79,Gamma Corp,13,0.69,0,A
ORD-01010,2026-03-03,PROD-012,8.0,SOUTH,110.29325343806914,882.3460275045531,Office Supplies,179,48,Beta Manufacturing,18,1.24,0,A
ORD-01011,2026-06-14,PROD-027,4.0,EAST,299.6538485966731,1198.6153943866923,Home Appliances,268,79,Gamma Corp,13,0.69,0,A
ORD-01012,2026-02-20,PROD-019,7.0,NORTH,101.20658989914048,708.4461292939834,Apparel,171,67,Gamma Corp,5,0.87,0,B
ORD-01013,2026-06-21,PROD-022,2.0,EAST,172.4667025429249,344.9334050858498,Electronics,18,74,Gamma Corp,3,9.67,1,B
ORD-01014,2026-06-01,PROD-024,7.0,NORTH,428.9647987937682,3002.753591556377,Apparel,269,43,Gamma Corp,14,0.69,0,A
ORD-01015,2026-02-28,PROD-025,5.0,EAST,111.46714651331908,557.3357325665954,Apparel,57,29,Gamma Corp,7,2.98,0,A
ORD-01016,2026-04-28,PROD-007,5.0,SOUTH,44.86755973498208,224.3377986749104,Electronics,63,18,Alpha Logistics,16,2.59,0,B
ORD-01017,2026-06-09,PROD-020,6.0,SOUTH,43.81372038027999,262.88232228167993,Office Supplies,278,38,Beta Manufacturing,14,0.53,0,A
ORD-01018,2026-04-06,PROD-006,9.0,NORTH,470.9844150465229,4238.859735418706,Apparel,53,68,Gamma Corp,10,2.85,1,A
ORD-01019,2026-06-29,PROD-021,6.0,WEST,258.39101460129893,1550.3460876077936,Home Appliances,93,40,Alpha Logistics,8,1.61,0,A
ORD-01020,2026-04-23,PROD-024,8.0,EAST,210.61191519033895,1684.8953215227116,Apparel,269,43,Gamma Corp,14,0.69,0,A
ORD-01021,2026-03-03,PROD-001,7.0,WEST,407.33050469388,2851.31353285716,Office Supplies,281,50,Gamma Corp,4,0.47,0,A
ORD-01022,2026-02-21,PROD-017,9.0,WEST,419.5547046761528,3775.9923420853756,Apparel,139,76,Alpha Logistics,16,1.62,0,A
ORD-01023,2026-01-12,PROD-029,4.0,SOUTH,172.77360622664625,691.094424906585,Apparel,210,15,Gamma Corp,8,0.94,0,A
ORD-01024,2026-02-08,PROD-011,2.0,NORTH,349.87284816215964,699.7456963243193,Office Supplies,194,58,Gamma Corp,8,0.71,0,A
ORD-01025,2026-05-10,PROD-022,7.0,NORTH,387.8501797674245,2714.9512583719716,Electronics,18,74,Gamma Corp,3,9.67,1,B
ORD-01026,2026-05-11,PROD-026,6.0,SOUTH,330.7788365643177,1984.6730193859062,Home Appliances,96,59,Alpha Logistics,13,1.8,0,A
ORD-01027,2026-04-23,PROD-028,1.0,SOUTH,84.28158665204869,84.28158665204869,Home Appliances,39,23,Alpha Logistics,12,4.26,0,A
ORD-01028,2026-04-11,PROD-018,9.0,NORTH,439.18271092335794,3952.6443983102217,Apparel,25,54,Gamma Corp,12,7.64,1,A
ORD-01029,2026-04-23,PROD-021,9.0,NORTH,274.1563308406443,2467.4069775657986,Home Appliances,93,40,Alpha Logistics,8,1.61,0,A
ORD-01030,2026-03-22,PROD-017,2.0,SOUTH,148.4114889213018,296.8229778426036,Apparel,139,76,Alpha Logistics,16,1.62,0,A
ORD-01031,2026-04-23,PROD-007,3.0,NORTH,218.36181086447,655.0854325934099,Electronics,63,18,Alpha Logistics,16,2.59,0,B
ORD-01032,2026-01-02,PROD-017,5.0,SOUTH,28.409834295464616,142.04917147732309,Apparel,139,76,Alpha Logistics,16,1.62,0,A
ORD-01033,2026-05-10,PROD-020,5.0,WEST,72.6547325989846,363.273662994923,Office Supplies,278,38,Beta Manufacturing,14,0.53,0,A
ORD-01034,2026-02-23,PROD-009,1.0,EAST,385.1179077527718,385.1179077527718,Office Supplies,192,77,Alpha Logistics,11,0.83,0,A
ORD-01035,2026-03-28,PROD-017,8.0,EAST,10.005701030129408,80.04560824103527,Apparel,139,76,Alpha Logistics,16,1.62,0,A
ORD-01036,2026-05-09,PROD-020,8.0,SOUTH,214.1172559563232,1712.9380476505855,Office Supplies,278,38,Beta Manufacturing,14,0.53,0,A
ORD-01037,2026-05-27,PROD-022,4.0,SOUTH,266.0299887319383,1064.1199549277533,Electronics,18,74,Gamma Corp,3,9.67,1,B
ORD-01038,2026-05-06,PROD-022,7.0,NORTH,36.77086580047643,257.396060603335,Electronics,18,74,Gamma Corp,3,9.67,1,B
ORD-01039,2026-05-10,PROD-028,3.0,NORTH,486.8082998564431,1460.4248995693292,Home Appliances,39,23,Alpha Logistics,12,4.26,0,A
ORD-01040,2026-02-22,PROD-029,6.0,NORTH,120.80141231233924,724.8084738740354,Apparel,210,15,Gamma Corp,8,0.94,0,A
ORD-01041,2026-06-21,PROD-008,9.0,WEST,159.05737262177763,1431.5163535959987,Electronics,174,68,Gamma Corp,16,0.91,0,A
ORD-01042,2026-06-09,PROD-017,1.0,NORTH,158.9318310049634,158.9318310049634,Apparel,139,76,Alpha Logistics,16,1.62,0,A
ORD-01043,2026-06-09,PROD-007,5.0,EAST,122.90416443750144,614.5208221875072,Electronics,63,18,Alpha Logistics,16,2.59,0,B
ORD-01044,2026-03-09,PROD-001,4.0,WEST,10.722172822292594,42.888691289170374,Office Supplies,281,50,Gamma Corp,4,0.47,0,A
ORD-01045,2026-05-03,PROD-013,8.0,NORTH,367.3789491031182,2939.0315928249456,Office Supplies,55,76,Alpha Logistics,5,2.95,1,A
ORD-01046,2026-05-25,PROD-030,1.0,NORTH,483.7542949016498,483.7542949016498,Apparel,85,22,Beta Manufacturing,2,1.85,0,A
ORD-01047,2026-02-07,PROD-023,9.0,NORTH,119.90380680967208,1079.1342612870487,Home Appliances,246,55,Beta Manufacturing,11,0.61,0,C
ORD-01048,2026-01-24,PROD-019,6.0,NORTH,334.89312398367696,2009.3587439020616,Apparel,171,67,Gamma Corp,5,0.87,0,B
ORD-01049,2026-03-10,PROD-027,4.0,NORTH,373.5292002097704,1494.1168008390816,Home Appliances,268,79,Gamma Corp,13,0.69,0,A
ORD-01050,2026-04-26,PROD-024,9.0,NORTH,425.7284357543571,3831.555921789214,Apparel,269,43,Gamma Corp,14,0.69,0,A
ORD-01051,2026-04-08,PROD-019,5.0,WEST,217.08830653666848,1085.4415326833423,Apparel,171,67,Gamma Corp,5,0.87,0,B
ORD-01052,2026-05-19,PROD-030,5.0,EAST,158.43614376381032,792.1807188190517,Apparel,85,22,Beta Manufacturing,2,1.85,0,A
ORD-01053,2026-05-24,PROD-030,5.0,NORTH,169.39461567128524,846.9730783564262,Apparel,85,22,Beta Manufacturing,2,1.85,0,A
ORD-01054,2026-04-07,PROD-029,1.0,SOUTH,359.1844532182713,359.1844532182713,Apparel,210,15,Gamma Corp,8,0.94,0,A
ORD-01055,2026-05-04,PROD-017,1.0,NORTH,410.22193858776166,410.22193858776166,Apparel,139,76,Alpha Logistics,16,1.62,0,A
ORD-01056,2026-03-11,PROD-013,8.0,NORTH,98.9908442007353,791.9267536058824,Office Supplies,55,76,Alpha Logistics,5,2.95,1,A
ORD-01057,2026-04-03,PROD-029,8.0,WEST,191.76109399730493,1534.0887519784394,Apparel,210,15,Gamma Corp,8,0.94,0,A
ORD-01058,2026-01-03,PROD-030,6.0,SOUTH,451.9506964070835,2711.704178442501,Apparel,85,22,Beta Manufacturing,2,1.85,0,A
ORD-01059,2026-05-28,PROD-016,4.0,WEST,405.2798246504222,1621.1192986016888,Electronics,135,29,Beta Manufacturing,14,0.9,0,C
ORD-01060,2026-06-13,PROD-008,2.0,SOUTH,492.5806173536132,985.1612347072264,Electronics,174,68,Gamma Corp,16,0.91,0,A
ORD-01061,2026-05-27,PROD-019,2.0,NORTH,379.5816472442196,759.1632944884392,Apparel,171,67,Gamma Corp,5,0.87,0,B
ORD-01062,2026-03-31,PROD-018,9.0,EAST,202.66564850368192,1823.9908365331373,Apparel,25,54,Gamma Corp,12,7.64,1,A
ORD-01063,2026-05-27,PROD-001,5.0,SOUTH,299.4125386573725,1497.0626932868627,Office Supplies,281,50,Gamma Corp,4,0.47,0,A
ORD-01064,2026-05-28,PROD-014,4.0,WEST,333.8969845811869,1335.5879383247477,Office Supplies,59,28,Gamma Corp,6,2.44,0,C
ORD-01065,2026-04-06,PROD-019,1.0,NORTH,48.44334999539073,48.44334999539073,Apparel,171,67,Gamma Corp,5,0.87,0,B
ORD-01066,2026-02-21,PROD-015,7.0,SOUTH,276.8035099608939,1937.6245697262573,Apparel,248,62,Alpha Logistics,8,0.69,0,A
ORD-01067,2026-06-10,PROD-018,3.0,NORTH,357.56720595157867,1072.701617854736,Apparel,25,54,Gamma Corp,12,7.64,1,A
ORD-01068,2026-06-17,PROD-002,6.0,EAST,91.98743896051958,551.9246337631175,Apparel,165,64,Gamma Corp,2,1.32,0,A
ORD-01069,2026-05-08,PROD-022,5.0,SOUTH,392.509541538523,1962.5477076926152,Electronics,18,74,Gamma Corp,3,9.67,1,B
ORD-01070,2026-02-08,PROD-028,5.0,WEST,296.0486624519147,1480.2433122595735,Home Appliances,39,23,Alpha Logistics,12,4.26,0,A
ORD-01071,2026-03-23,PROD-017,5.0,NORTH,476.5886749918214,2382.943374959107,Apparel,139,76,Alpha Logistics,16,1.62,0,A
ORD-01072,2026-04-14,PROD-018,1.0,NORTH,30.78692612137693,30.78692612137693,Apparel,25,54,Gamma Corp,12,7.64,1,A
ORD-01073,2026-05-09,PROD-030,1.0,EAST,140.0098074021788,140.0098074021788,Apparel,85,22,Beta Manufacturing,2,1.85,0,A
ORD-01074,2026-01-11,PROD-006,3.0,WEST,304.7614008569138,914.2842025707414,Apparel,53,68,Gamma Corp,10,2.85,1,A
ORD-01075,2026-06-27,PROD-019,4.0,WEST,155.31435698090604,621.2574279236242,Apparel,171,67,Gamma Corp,5,0.87,0,B
ORD-01076,2026-05-31,PROD-004,5.0,WEST,360.06784039490867,1800.3392019745434,Office Supplies,257,16,Alpha Logistics,15,0.55,0,B
ORD-01077,2026-06-08,PROD-001,2.0,WEST,381.9125884357462,763.8251768714924,Office Supplies,281,50,Gamma Corp,4,0.47,0,A
ORD-01078,2026-02-11,PROD-008,8.0,SOUTH,60.23282239257248,481.86257914057984,Electronics,174,68,Gamma Corp,16,0.91,0,A
ORD-01079,2026-04-09,PROD-029,2.0,WEST,261.78868746131616,523.5773749226323,Apparel,210,15,Gamma Corp,8,0.94,0,A
ORD-01080,2026-01-07,PROD-023,9.0,NORTH,259.3563722396174,2334.2073501565565,Home Appliances,246,55,Beta Manufacturing,11,0.61,0,C
ORD-01081,2026-05-24,PROD-007,2.0,EAST,206.75069203548784,413.5013840709757,Electronics,63,18,Alpha Logistics,16,2.59,0,B
ORD-01082,2026-03-31,PROD-003,9.0,SOUTH,467.1331826591393,4204.198643932254,Electronics,26,18,Gamma Corp,6,7.77,0,A
ORD-01083,2026-04-22,PROD-010,7.0,WEST,415.4780967378784,2908.346677165149,Home Appliances,275,32,Beta Manufacturing,14,0.59,0,A
ORD-01084,2026-03-01,PROD-010,8.0,SOUTH,351.632597135722,2813.060777085776,Home Appliances,275,32,Beta Manufacturing,14,0.59,0,A
ORD-01085,2026-04-23,PROD-019,2.0,SOUTH,360.0200515101488,720.0401030202976,Apparel,171,67,Gamma Corp,5,0.87,0,B
ORD-01086,2026-01-02,PROD-014,7.0,EAST,236.24091046842835,1653.6863732789984,Office Supplies,59,28,Gamma Corp,6,2.44,0,C
ORD-01087,2026-05-09,PROD-002,6.0,NORTH,461.2873153373222,2767.7238920239333,Apparel,165,64,Gamma Corp,2,1.32,0,A
ORD-01088,2026-02-17,PROD-028,4.0,NORTH,350.35175935410984,1401.4070374164394,Home Appliances,39,23,Alpha Logistics,12,4.26,0,A
ORD-01089,2026-05-20,PROD-001,7.0,SOUTH,367.2007202113501,2570.4050414794506,Office Supplies,281,50,Gamma Corp,4,0.47,0,A
ORD-01090,2026-02-06,PROD-023,4.0,SOUTH,432.2285428557992,1728.9141714231969,Home Appliances,246,55,Beta Manufacturing,11,0.61,0,C
ORD-01091,2026-06-09,PROD-023,2.0,SOUTH,144.29507877767358,288.59015755534716,Home Appliances,246,55,Beta Manufacturing,11,0.61,0,C
ORD-01092,2026-01-09,PROD-028,7.0,NORTH,405.4647428946845,2838.2532002627913,Home Appliances,39,23,Alpha Logistics,12,4.26,0,A
ORD-01093,2026-04-09,PROD-018,8.0,SOUTH,105.6678954486811,845.3431635894487,Apparel,25,54,Gamma Corp,12,7.64,1,A
ORD-01094,2026-05-27,PROD-007,2.0,NORTH,179.21755659999505,358.4351131999901,Electronics,63,18,Alpha Logistics,16,2.59,0,B
ORD-01095,2026-02-17,PROD-029,5.0,NORTH,174.44912259222292,872.2456129611146,Apparel,210,15,Gamma Corp,8,0.94,0,A
ORD-01096,2026-05-11,PROD-008,1.0,WEST,489.4774795106789,489.4774795106789,Electronics,174,68,Gamma Corp,16,0.91,0,A
ORD-01097,2026-05-28,PROD-001,7.0,SOUTH,429.70323963648417,3007.922677455389,Office Supplies,281,50,Gamma Corp,4,0.47,0,A
ORD-01098,2026-06-01,PROD-025,8.0,SOUTH,353.57323217922726,2828.585857433818,Apparel,57,29,Gamma Corp,7,2.98,0,A
ORD-01099,2026-02-23,PROD-023,6.0,EAST,366.2578131915412,2197.546879149247,Home Appliances,246,55,Beta Manufacturing,11,0.61,0,C
ORD-01100,2026-04-30,PROD-003,5.0,EAST,285.4156692572598,1427.0783462862992,Electronics,26,18,Gamma Corp,6,7.77,0,A
ORD-01101,2026-06-10,PROD-024,6.0,WEST,474.0744268831744,2844.446561299046,Apparel,269,43,Gamma Corp,14,0.69,0,A
ORD-01102,2026-06-01,PROD-023,2.0,SOUTH,253.1667889123572,506.3335778247144,Home Appliances,246,55,Beta Manufacturing,11,0.61,0,C
ORD-01103,2026-04-26,PROD-027,1.0,NORTH,196.45367783624832,196.45367783624832,Home Appliances,268,79,Gamma Corp,13,0.69,0,A
ORD-01104,2026-03-16,PROD-029,7.0,NORTH,89.8873150964796,629.2112056753572,Apparel,210,15,Gamma Corp,8,0.94,0,A
ORD-01105,2026-04-23,PROD-008,7.0,NORTH,395.2407696079184,2766.685387255429,Electronics,174,68,Gamma Corp,16,0.91,0,A
ORD-01106,2026-06-13,PROD-022,2.0,NORTH,369.8775267170398,739.7550534340796,Electronics,18,74,Gamma Corp,3,9.67,1,B
ORD-01107,2026-06-15,PROD-025,2.0,NORTH,198.3339688768261,396.6679377536522,Apparel,57,29,Gamma Corp,7,2.98,0,A
ORD-01108,2026-04-14,PROD-015,1.0,EAST,22.344772840022387,22.344772840022387,Apparel,248,62,Alpha Logistics,8,0.69,0,A
ORD-01109,2026-03-25,PROD-005,8.0,SOUTH,421.1086905818253,3368.869524654602,Office Supplies,240,20,Gamma Corp,8,0.58,0,B
ORD-01110,2026-04-22,PROD-003,8.0,EAST,15.59481189249608,124.75849513996864,Electronics,26,18,Gamma Corp,6,7.77,0,A
ORD-01111,2026-04-09,PROD-019,1.0,NORTH,354.81289201823495,354.81289201823495,Apparel,171,67,Gamma Corp,5,0.87,0,B
ORD-01112,2026-06-02,PROD-001,8.0,WEST,485.425983765768,3883.407870126144,Office Supplies,281,50,Gamma Corp,4,0.47,0,A
ORD-01113,2026-04-03,PROD-028,9.0,NORTH,224.4540507926197,2020.0864571335774,Home Appliances,39,23,Alpha Logistics,12,4.26,0,A
ORD-01114,2026-05-26,PROD-015,4.0,NORTH,125.13696844801686,500.54787379206743,Apparel,248,62,Alpha Logistics,8,0.69,0,A
ORD-01115,2026-05-08,PROD-008,1.0,NORTH,355.38679492125704,355.38679492125704,Electronics,174,68,Gamma Corp,16,0.91,0,A
ORD-01116,2026-04-20,PROD-002,1.0,SOUTH,410.3927895876368,410.3927895876368,Apparel,165,64,Gamma Corp,2,1.32,0,A
ORD-01117,2026-03-23,PROD-003,3.0,NORTH,277.7508548781452,833.2525646344357,Electronics,26,18,Gamma Corp,6,7.77,0,A
ORD-01118,2026-02-23,PROD-024,5.0,SOUTH,483.8472848755116,2419.2364243775583,Apparel,269,43,Gamma Corp,14,0.69,0,A
ORD-01119,2026-06-12,PROD-014,5.0,NORTH,35.31767361240094,176.5883680620047,Office Supplies,59,28,Gamma Corp,6,2.44,0,C
ORD-01120,2026-06-18,PROD-024,9.0,SOUTH,257.3498431692188,2316.148588522969,Apparel,269,43,Gamma Corp,14,0.69,0,A
ORD-01121,2026-06-10,PROD-014,2.0,EAST,362.0424341880495,724.084868376099,Office Supplies,59,28,Gamma Corp,6,2.44,0,C
ORD-01122,2026-03-09,PROD-011,2.0,WEST,432.6938308630977,865.3876617261953,Office Supplies,194,58,Gamma Corp,8,0.71,0,A
ORD-01123,2026-02-02,PROD-016,6.0,WEST,97.83524983481712,587.0114990089028,Electronics,135,29,Beta Manufacturing,14,0.9,0,C
ORD-01124,2026-05-22,PROD-004,9.0,NORTH,402.0017060642039,3618.0153545778353,Office Supplies,257,16,Alpha Logistics,15,0.55,0,B
ORD-01125,2026-01-21,PROD-020,1.0,SOUTH,280.8264671020872,280.8264671020872,Office Supplies,278,38,Beta Manufacturing,14,0.53,0,A
ORD-01126,2026-02-17,PROD-005,9.0,NORTH,204.311304175082,1838.8017375757381,Office Supplies,240,20,Gamma Corp,8,0.58,0,B
ORD-01127,2026-05-28,PROD-022,9.0,NORTH,74.54036400375584,670.8632760338025,Electronics,18,74,Gamma Corp,3,9.67,1,B
ORD-01128,2026-05-08,PROD-021,9.0,NORTH,433.9949218653671,3905.9542967883035,Home Appliances,93,40,Alpha Logistics,8,1.61,0,A
ORD-01129,2026-05-16,PROD-014,5.0,SOUTH,87.06387200806053,435.3193600403026,Office Supplies,59,28,Gamma Corp,6,2.44,0,C
ORD-01130,2026-05-15,PROD-023,9.0,SOUTH,161.79605101245863,1456.1644591121276,Home Appliances,246,55,Beta Manufacturing,11,0.61,0,C
ORD-01131,2026-05-25,PROD-016,4.0,EAST,152.12231066159407,608.4892426463763,Electronics,135,29,Beta Manufacturing,14,0.9,0,C
ORD-01132,2026-05-08,PROD-018,2.0,SOUTH,436.9928767535186,873.9857535070372,Apparel,25,54,Gamma Corp,12,7.64,1,A
ORD-01133,2026-02-02,PROD-007,6.0,SOUTH,339.62446716236,2037.7468029741601,Electronics,63,18,Alpha Logistics,16,2.59,0,B
ORD-01134,2026-06-25,PROD-010,4.0,NORTH,400.3738846237724,1601.4955384950897,Home Appliances,275,32,Beta Manufacturing,14,0.59,0,A
ORD-01135,2026-04-25,PROD-007,6.0,NORTH,132.7292704083245,796.3756224499471,Electronics,63,18,Alpha Logistics,16,2.59,0,B
ORD-01136,2026-04-29,PROD-001,3.0,NORTH,316.18830880742945,948.5649264222884,Office Supplies,281,50,Gamma Corp,4,0.47,0,A
ORD-01137,2026-01-22,PROD-023,6.0,NORTH,290.15553174043686,1740.9331904426213,Home Appliances,246,55,Beta Manufacturing,11,0.61,0,C
ORD-01138,2026-06-07,PROD-021,2.0,NORTH,418.0868846262528,836.1737692525056,Home Appliances,93,40,Alpha Logistics,8,1.61,0,A
ORD-01139,2026-02-07,PROD-019,2.0,NORTH,239.38381526862509,478.76763053725017,Apparel,171,67,Gamma Corp,5,0.87,0,B
ORD-01140,2026-04-19,PROD-016,9.0,NORTH,15.956818023919537,143.61136221527582,Electronics,135,29,Beta Manufacturing,14,0.9,0,C
ORD-01141,2026-02-20,PROD-029,7.0,EAST,340.2697603388084,2381.888322371659,Apparel,210,15,Gamma Corp,8,0.94,0,A
ORD-01142,2026-01-08,PROD-019,3.0,EAST,35.39954156866722,106.19862470600165,Apparel,171,67,Gamma Corp,5,0.87,0,B
ORD-01143,2026-01-27,PROD-004,1.0,NORTH,243.48439073211628,243.48439073211628,Office Supplies,257,16,Alpha Logistics,15,0.55,0,B
ORD-01144,2026-01-27,PROD-029,8.0,NORTH,150.94003723140233,1207.5202978512186,Apparel,210,15,Gamma Corp,8,0.94,0,A
ORD-01145,2026-01-21,PROD-028,6.0,EAST,232.8059735340183,1396.8358412041098,Home Appliances,39,23,Alpha Logistics,12,4.26,0,A
ORD-01146,2026-01-30,PROD-018,7.0,SOUTH,182.94966669165476,1280.6476668415833,Apparel,25,54,Gamma Corp,12,7.64,1,A
ORD-01147,2026-04-07,PROD-002,9.0,EAST,314.43330003430896,2829.8997003087807,Apparel,165,64,Gamma Corp,2,1.32,0,A
ORD-01148,2026-01-28,PROD-001,5.0,EAST,173.6844831776969,868.4224158884845,Office Supplies,281,50,Gamma Corp,4,0.47,0,A
ORD-01149,2026-04-21,PROD-015,1.0,NORTH,369.0225347892374,369.0225347892374,Apparel,248,62,Alpha Logistics,8,0.69,0,A
ORD-01150,2026-03-02,PROD-005,7.0,SOUTH,208.2184189311961,1457.5289325183728,Office Supplies,240,20,Gamma Corp,8,0.58,0,B
ORD-01151,2026-02-17,PROD-020,5.0,NORTH,43.493068151879726,217.46534075939863,Office Supplies,278,38,Beta Manufacturing,14,0.53,0,A
ORD-01152,2026-05-27,PROD-011,3.0,NORTH,394.04232281721255,1182.1269684516376,Office Supplies,194,58,Gamma Corp,8,0.71,0,A
ORD-01153,2026-01-04,PROD-010,9.0,WEST,150.02157905042594,1350.1942114538335,Home Appliances,275,32,Beta Manufacturing,14,0.59,0,A
ORD-01154,2026-02-04,PROD-002,1.0,EAST,222.05577100363868,222.05577100363868,Apparel,165,64,Gamma Corp,2,1.32,0,A
ORD-01155,2026-02-18,PROD-003,1.0,WEST,345.86750277873176,345.86750277873176,Electronics,26,18,Gamma Corp,6,7.77,0,A
ORD-01156,2026-01-17,PROD-023,1.0,NORTH,172.90351700286888,172.90351700286888,Home Appliances,246,55,Beta Manufacturing,11,0.61,0,C
ORD-01157,2026-06-21,PROD-023,3.0,NORTH,37.72697151189065,113.18091453567196,Home Appliances,246,55,Beta Manufacturing,11,0.61,0,C
ORD-01158,2026-06-07,PROD-012,6.0,NORTH,193.22131303627867,1159.3278782176722,Office Supplies,179,48,Beta Manufacturing,18,1.24,0,A
ORD-01159,2026-02-15,PROD-020,3.0,WEST,472.7798055202087,1418.339416560626,Office Supplies,278,38,Beta Manufacturing,14,0.53,0,A
ORD-01160,2026-04-27,PROD-005,8.0,NORTH,324.4498546762935,2595.598837410348,Office Supplies,240,20,Gamma Corp,8,0.58,0,B
ORD-01161,2026-01-06,PROD-005,2.0,NORTH,339.0247828469314,678.0495656938627,Office Supplies,240,20,Gamma Corp,8,0.58,0,B
ORD-01162,2026-04-09,PROD-006,9.0,NORTH,319.81825528244354,2878.364297541992,Apparel,53,68,Gamma Corp,10,2.85,1,A
ORD-01163,2026-05-04,PROD-030,3.0,SOUTH,107.50614809012404,322.51844427037213,Apparel,85,22,Beta Manufacturing,2,1.85,0,A
ORD-01164,2026-02-06,PROD-009,5.0,WEST,214.9835934101173,1074.9179670505864,Office Supplies,192,77,Alpha Logistics,11,0.83,0,A
ORD-01165,2026-01-24,PROD-002,8.0,SOUTH,377.960501198026,3023.684009584208,Apparel,165,64,Gamma Corp,2,1.32,0,A
ORD-01166,2026-04-03,PROD-021,2.0,NORTH,270.2811258091439,540.5622516182877,Home Appliances,93,40,Alpha Logistics,8,1.61,0,A
ORD-01167,2026-02-15,PROD-012,6.0,NORTH,146.147860283959,876.887161703754,Office Supplies,179,48,Beta Manufacturing,18,1.24,0,A
ORD-01168,2026-04-05,PROD-003,5.0,EAST,145.39636314826828,726.9818157413414,Electronics,26,18,Gamma Corp,6,7.77,0,A
ORD-01169,2026-04-09,PROD-020,9.0,SOUTH,221.68927452130796,1995.2034706917716,Office Supplies,278,38,Beta Manufacturing,14,0.53,0,A
ORD-01170,2026-04-26,PROD-026,5.0,SOUTH,490.3806830616707,2451.9034153083535,Home Appliances,96,59,Alpha Logistics,13,1.8,0,A
ORD-01171,2026-06-09,PROD-022,2.0,NORTH,43.07624787507275,86.1524957501455,Electronics,18,74,Gamma Corp,3,9.67,1,B
ORD-01172,2026-06-10,PROD-012,5.0,NORTH,264.1634872464916,1320.817436232458,Office Supplies,179,48,Beta Manufacturing,18,1.24,0,A
ORD-01173,2026-03-08,PROD-024,4.0,WEST,97.88869418598313,391.5547767439325,Apparel,269,43,Gamma Corp,14,0.69,0,A
ORD-01174,2026-05-08,PROD-017,7.0,SOUTH,485.6315072507746,3399.420550755422,Apparel,139,76,Alpha Logistics,16,1.62,0,A
ORD-01175,2026-01-18,PROD-010,6.0,SOUTH,65.51871731645745,393.1123038987447,Home Appliances,275,32,Beta Manufacturing,14,0.59,0,A
ORD-01176,2026-01-25,PROD-030,2.0,SOUTH,207.7644911571797,415.5289823143594,Apparel,85,22,Beta Manufacturing,2,1.85,0,A
ORD-01177,2026-02-23,PROD-024,5.0,WEST,371.56364256895705,1857.8182128447852,Apparel,269,43,Gamma Corp,14,0.69,0,A
ORD-01178,2026-02-27,PROD-027,5.0,SOUTH,355.2316697334482,1776.158348667241,Home Appliances,268,79,Gamma Corp,13,0.69,0,A
ORD-01179,2026-03-08,PROD-014,7.0,NORTH,217.1370320780268,1519.9592245461877,Office Supplies,59,28,Gamma Corp,6,2.44,0,C
ORD-01180,2026-04-14,PROD-023,5.0,WEST,179.79684229683193,898.9842114841597,Home Appliances,246,55,Beta Manufacturing,11,0.61,0,C
ORD-01181,2026-06-23,PROD-017,9.0,SOUTH,204.83006549090655,1843.4705894181589,Apparel,139,76,Alpha Logistics,16,1.62,0,A
ORD-01182,2026-01-24,PROD-018,4.0,NORTH,139.49536894773323,557.9814757909329,Apparel,25,54,Gamma Corp,12,7.64,1,A
ORD-01183,2026-04-24,PROD-019,3.0,EAST,110.6131399663319,331.8394198989957,Apparel,171,67,Gamma Corp,5,0.87,0,B
ORD-01184,2026-02-01,PROD-017,4.0,WEST,246.6894518038561,986.7578072154244,Apparel,139,76,Alpha Logistics,16,1.62,0,A
ORD-01185,2026-06-24,PROD-014,5.0,WEST,141.58154047312755,707.9077023656378,Office Supplies,59,28,Gamma Corp,6,2.44,0,C
ORD-01186,2026-03-27,PROD-009,6.0,NORTH,150.85621579965257,905.1372947979155,Office Supplies,192,77,Alpha Logistics,11,0.83,0,A
ORD-01187,2026-05-31,PROD-008,3.0,NORTH,331.810471102533,995.4314133075989,Electronics,174,68,Gamma Corp,16,0.91,0,A
ORD-01188,2026-05-07,PROD-002,2.0,WEST,484.5832925329472,969.1665850658944,Apparel,165,64,Gamma Corp,2,1.32,0,A
ORD-01189,2026-06-04,PROD-013,4.0,SOUTH,305.78222827409377,1223.128913096375,Office Supplies,55,76,Alpha Logistics,5,2.95,1,A
ORD-01190,2026-05-10,PROD-025,5.0,EAST,47.71993886183348,238.59969430916738,Apparel,57,29,Gamma Corp,7,2.98,0,A
ORD-01191,2026-01-17,PROD-007,4.0,NORTH,47.03597078849282,188.14388315397127,Electronics,63,18,Alpha Logistics,16,2.59,0,B
ORD-01192,2026-04-14,PROD-009,3.0,SOUTH,476.1973782143273,1428.5921346429818,Office Supplies,192,77,Alpha Logistics,11,0.83,0,A
ORD-01193,2026-06-10,PROD-022,8.0,NORTH,155.6724872505935,1245.379898004748,Electronics,18,74,Gamma Corp,3,9.67,1,B
ORD-01194,2026-05-17,PROD-022,4.0,NORTH,55.11282318041296,220.45129272165184,Electronics,18,74,Gamma Corp,3,9.67,1,B
ORD-01195,2026-02-12,PROD-011,2.0,SOUTH,303.53184770368694,607.0636954073739,Office Supplies,194,58,Gamma Corp,8,0.71,0,A
ORD-01196,2026-06-25,PROD-014,2.0,SOUTH,315.5879013622304,631.1758027244608,Office Supplies,59,28,Gamma Corp,6,2.44,0,C
ORD-01197,2026-02-08,PROD-004,1.0,EAST,327.7673618581572,327.7673618581572,Office Supplies,257,16,Alpha Logistics,15,0.55,0,B
ORD-01198,2026-06-19,PROD-026,4.0,EAST,141.02699365019524,564.107974600781,Home Appliances,96,59,Alpha Logistics,13,1.8,0,A
ORD-01199,2026-01-26,PROD-026,9.0,NORTH,269.8618996529029,2428.757096876126,Home Appliances,96,59,Alpha Logistics,13,1.8,0,A
ORD-01200,2026-04-09,PROD-029,7.0,SOUTH,482.8575310326912,3380.0027172288383,Apparel,210,15,Gamma Corp,8,0.94,0,A
ORD-01201,2026-02-19,PROD-013,7.0,SOUTH,132.9375923886402,930.5631467204814,Office Supplies,55,76,Alpha Logistics,5,2.95,1,A
ORD-01202,2026-06-02,PROD-002,7.0,SOUTH,341.2528811457483,2388.770168020238,Apparel,165,64,Gamma Corp,2,1.32,0,A
ORD-01203,2026-06-01,PROD-023,8.0,EAST,356.2486362405677,2849.9890899245415,Home Appliances,246,55,Beta Manufacturing,11,0.61,0,C
ORD-01204,2026-01-13,PROD-005,1.0,SOUTH,308.903634368948,308.903634368948,Office Supplies,240,20,Gamma Corp,8,0.58,0,B
ORD-01205,2026-03-01,PROD-011,8.0,NORTH,163.32462316468764,1306.596985317501,Office Supplies,194,58,Gamma Corp,8,0.71,0,A
ORD-01206,2026-05-15,PROD-006,4.0,NORTH,142.83716434439222,571.3486573775689,Apparel,53,68,Gamma Corp,10,2.85,1,A
ORD-01207,2026-02-26,PROD-018,4.0,WEST,302.8574585243245,1211.429834097298,Apparel,25,54,Gamma Corp,12,7.64,1,A
ORD-01208,2026-02-05,PROD-021,4.0,EAST,434.3868604697288,1737.5474418789152,Home Appliances,93,40,Alpha Logistics,8,1.61,0,A
ORD-01209,2026-06-22,PROD-010,6.0,WEST,473.8995271724638,2843.397163034783,Home Appliances,275,32,Beta Manufacturing,14,0.59,0,A
ORD-01210,2026-01-20,PROD-004,7.0,SOUTH,61.89384415784124,433.2569091048887,Office Supplies,257,16,Alpha Logistics,15,0.55,0,B
ORD-01211,2026-03-06,PROD-009,6.0,EAST,85.86602017288273,515.1961210372964,Office Supplies,192,77,Alpha Logistics,11,0.83,0,A
ORD-01212,2026-01-08,PROD-006,1.0,NORTH,472.92076680370906,472.92076680370906,Apparel,53,68,Gamma Corp,10,2.85,1,A
ORD-01213,2026-05-24,PROD-002,8.0,SOUTH,370.9022618840484,2967.2180950723873,Apparel,165,64,Gamma Corp,2,1.32,0,A
ORD-01214,2026-05-22,PROD-017,7.0,NORTH,442.6669741665888,3098.6688191661215,Apparel,139,76,Alpha Logistics,16,1.62,0,A
ORD-01215,2026-04-25,PROD-005,6.0,SOUTH,109.28999072631817,655.739944357909,Office Supplies,240,20,Gamma Corp,8,0.58,0,B
ORD-01216,2026-05-23,PROD-025,6.0,EAST,297.91707684360694,1787.5024610616415,Apparel,57,29,Gamma Corp,7,2.98,0,A
ORD-01217,2026-04-02,PROD-006,5.0,SOUTH,353.55840126456206,1767.7920063228103,Apparel,53,68,Gamma Corp,10,2.85,1,A
ORD-01218,2026-04-08,PROD-026,6.0,SOUTH,343.2548238690166,2059.5289432141,Home Appliances,96,59,Alpha Logistics,13,1.8,0,A
ORD-01219,2026-03-07,PROD-012,9.0,NORTH,209.9943285246821,1889.9489567221387,Office Supplies,179,48,Beta Manufacturing,18,1.24,0,A
ORD-01220,2026-02-01,PROD-023,9.0,NORTH,17.543496928741153,157.89147235867037,Home Appliances,246,55,Beta Manufacturing,11,0.61,0,C
ORD-01221,2026-03-27,PROD-021,8.0,SOUTH,295.6337678340889,2365.0701426727114,Home Appliances,93,40,Alpha Logistics,8,1.61,0,A
ORD-01222,2026-02-20,PROD-010,9.0,WEST,134.0197541980083,1206.1777877820746,Home Appliances,275,32,Beta Manufacturing,14,0.59,0,A
ORD-01223,2026-06-02,PROD-022,8.0,EAST,230.62458061001627,1844.9966448801301,Electronics,18,74,Gamma Corp,3,9.67,1,B
ORD-01224,2026-03-04,PROD-021,8.0,EAST,479.2146973910705,3833.717579128564,Home Appliances,93,40,Alpha Logistics,8,1.61,0,A
ORD-01225,2026-05-05,PROD-027,1.0,NORTH,205.52730564479305,205.52730564479305,Home Appliances,268,79,Gamma Corp,13,0.69,0,A
ORD-01226,2026-05-30,PROD-025,5.0,NORTH,421.5027872655691,2107.5139363278454,Apparel,57,29,Gamma Corp,7,2.98,0,A
ORD-01227,2026-02-27,PROD-006,4.0,SOUTH,102.38489681713304,409.53958726853216,Apparel,53,68,Gamma Corp,10,2.85,1,A
ORD-01228,2026-02-27,PROD-027,2.0,NORTH,339.5056440322641,679.0112880645282,Home Appliances,268,79,Gamma Corp,13,0.69,0,A
ORD-01229,2026-03-27,PROD-008,8.0,NORTH,488.7334076750823,3909.867261400658,Electronics,174,68,Gamma Corp,16,0.91,0,A
ORD-01230,2026-02-18,PROD-002,3.0,SOUTH,59.92761942773903,179.78285828321708,Apparel,165,64,Gamma Corp,2,1.32,0,A
ORD-01231,2026-06-29,PROD-012,4.0,NORTH,14.076771691324089,56.307086765296354,Office Supplies,179,48,Beta Manufacturing,18,1.24,0,A
ORD-01232,2026-06-19,PROD-013,7.0,NORTH,222.45556838998104,1557.1889787298674,Office Supplies,55,76,Alpha Logistics,5,2.95,1,A
ORD-01233,2026-03-11,PROD-025,9.0,NORTH,55.38648669516993,498.47838025652936,Apparel,57,29,Gamma Corp,7,2.98,0,A
ORD-01234,2026-01-15,PROD-021,2.0,SOUTH,376.70833134135336,753.4166626827067,Home Appliances,93,40,Alpha Logistics,8,1.61,0,A
ORD-01235,2026-02-23,PROD-007,3.0,WEST,458.1288452857939,1374.3865358573817,Electronics,63,18,Alpha Logistics,16,2.59,0,B
ORD-01236,2026-04-11,PROD-010,4.0,NORTH,222.67027662729183,890.6811065091673,Home Appliances,275,32,Beta Manufacturing,14,0.59,0,A
ORD-01237,2026-01-08,PROD-013,1.0,SOUTH,136.76870465616605,136.76870465616605,Office Supplies,55,76,Alpha Logistics,5,2.95,1,A
ORD-01238,2026-02-22,PROD-017,7.0,EAST,222.8576263132388,1560.0033841926715,Apparel,139,76,Alpha Logistics,16,1.62,0,A
ORD-01239,2026-03-01,PROD-026,2.0,SOUTH,364.4894307465005,728.978861493001,Home Appliances,96,59,Alpha Logistics,13,1.8,0,A
ORD-01240,2026-04-18,PROD-021,5.0,WEST,14.43653917438178,72.1826958719089,Home Appliances,93,40,Alpha Logistics,8,1.61,0,A
ORD-01241,2026-01-05,PROD-028,1.0,EAST,298.8324548475016,298.8324548475016,Home Appliances,39,23,Alpha Logistics,12,4.26,0,A
ORD-01242,2026-04-13,PROD-030,3.0,NORTH,310.5129255948157,931.5387767844472,Apparel,85,22,Beta Manufacturing,2,1.85,0,A
ORD-01243,2026-01-06,PROD-026,2.0,NORTH,322.4672409790084,644.9344819580168,Home Appliances,96,59,Alpha Logistics,13,1.8,0,A
ORD-01244,2026-04-19,PROD-014,1.0,NORTH,128.59081919062982,128.59081919062982,Office Supplies,59,28,Gamma Corp,6,2.44,0,C
ORD-01245,2026-04-26,PROD-002,7.0,SOUTH,359.8858344552821,2519.2008411869747,Apparel,165,64,Gamma Corp,2,1.32,0,A
ORD-01246,2026-04-04,PROD-028,5.0,SOUTH,54.78182830257044,273.9091415128522,Home Appliances,39,23,Alpha Logistics,12,4.26,0,A
ORD-01247,2026-02-16,PROD-022,1.0,SOUTH,107.6424648687324,107.6424648687324,Electronics,18,74,Gamma Corp,3,9.67,1,B
ORD-01248,2026-04-09,PROD-011,6.0,WEST,439.9603228606961,2639.7619371641767,Office Supplies,194,58,Gamma Corp,8,0.71,0,A
ORD-01249,2026-02-24,PROD-001,5.0,WEST,371.9743438560175,1859.8717192800877,Office Supplies,281,50,Gamma Corp,4,0.47,0,A
ORD-01250,2026-06-17,PROD-019,3.0,SOUTH,16.735321465559174,50.20596439667752,Apparel,171,67,Gamma Corp,5,0.87,0,B
ORD-01251,2026-02-21,PROD-021,7.0,EAST,131.70436758120212,921.9305730684148,Home Appliances,93,40,Alpha Logistics,8,1.61,0,A
ORD-01252,2026-05-24,PROD-004,9.0,EAST,115.05917666665064,1035.5325899998559,Office Supplies,257,16,Alpha Logistics,15,0.55,0,B
ORD-01253,2026-01-13,PROD-019,9.0,WEST,142.69510073811657,1284.255906643049,Apparel,171,67,Gamma Corp,5,0.87,0,B
ORD-01254,2026-04-24,PROD-026,9.0,WEST,131.30428743714435,1181.7385869342993,Home Appliances,96,59,Alpha Logistics,13,1.8,0,A
ORD-01255,2026-05-04,PROD-029,2.0,NORTH,40.63788491399441,81.27576982798882,Apparel,210,15,Gamma Corp,8,0.94,0,A
ORD-01256,2026-04-16,PROD-021,3.0,EAST,234.880853132442,704.6425593973261,Home Appliances,93,40,Alpha Logistics,8,1.61,0,A
ORD-01257,2026-06-07,PROD-011,7.0,SOUTH,369.0394026452209,2583.275818516546,Office Supplies,194,58,Gamma Corp,8,0.71,0,A
ORD-01258,2026-05-27,PROD-008,5.0,EAST,307.29854511154383,1536.492725557719,Electronics,174,68,Gamma Corp,16,0.91,0,A
ORD-01259,2026-05-25,PROD-011,2.0,NORTH,339.7071176130591,679.4142352261182,Office Supplies,194,58,Gamma Corp,8,0.71,0,A
ORD-01260,2026-04-30,PROD-004,3.0,SOUTH,49.76309748275718,149.28929244827154,Office Supplies,257,16,Alpha Logistics,15,0.55,0,B
ORD-01261,2026-03-04,PROD-017,6.0,WEST,476.2304479866257,2857.382687919754,Apparel,139,76,Alpha Logistics,16,1.62,0,A
ORD-01262,2026-01-19,PROD-027,7.0,WEST,420.86099858308216,2946.026990081575,Home Appliances,268,79,Gamma Corp,13,0.69,0,A
ORD-01263,2026-04-02,PROD-007,9.0,NORTH,404.49425606287474,3640.4483045658726,Electronics,63,18,Alpha Logistics,16,2.59,0,B
ORD-01264,2026-02-27,PROD-008,1.0,SOUTH,413.2620644704661,413.2620644704661,Electronics,174,68,Gamma Corp,16,0.91,0,A
ORD-01265,2026-03-31,PROD-003,7.0,WEST,467.02814898505306,3269.1970428953714,Electronics,26,18,Gamma Corp,6,7.77,0,A
ORD-01266,2026-04-27,PROD-022,8.0,NORTH,276.68444339571187,2213.475547165695,Electronics,18,74,Gamma Corp,3,9.67,1,B
ORD-01267,2026-03-03,PROD-002,3.0,WEST,108.13818875513668,324.41456626541003,Apparel,165,64,Gamma Corp,2,1.32,0,A
ORD-01268,2026-01-23,PROD-023,4.0,NORTH,312.22396784774514,1248.8958713909806,Home Appliances,246,55,Beta Manufacturing,11,0.61,0,C
ORD-01269,2026-05-07,PROD-015,6.0,NORTH,374.0119318972901,2244.0715913837403,Apparel,248,62,Alpha Logistics,8,0.69,0,A
ORD-01270,2026-05-17,PROD-024,7.0,NORTH,371.57952274347247,2601.0566592043074,Apparel,269,43,Gamma Corp,14,0.69,0,A
ORD-01271,2026-05-20,PROD-022,4.0,WEST,265.5100218417713,1062.040087367085,Electronics,18,74,Gamma Corp,3,9.67,1,B
ORD-01272,2026-05-09,PROD-022,8.0,EAST,43.54477247345325,348.358179787626,Electronics,18,74,Gamma Corp,3,9.67,1,B
ORD-01273,2026-02-27,PROD-005,5.0,NORTH,191.84533983076264,959.2266991538132,Office Supplies,240,20,Gamma Corp,8,0.58,0,B
ORD-01274,2026-05-02,PROD-024,1.0,SOUTH,461.1756381470451,461.1756381470451,Apparel,269,43,Gamma Corp,14,0.69,0,A
ORD-01275,2026-01-01,PROD-001,4.0,WEST,296.3799657811388,1185.5198631245553,Office Supplies,281,50,Gamma Corp,4,0.47,0,A
ORD-01276,2026-02-03,PROD-026,3.0,SOUTH,273.7826521952996,821.3479565858988,Home Appliances,96,59,Alpha Logistics,13,1.8,0,A
ORD-01277,2026-04-06,PROD-004,9.0,WEST,141.73822204727483,1275.6439984254735,Office Supplies,257,16,Alpha Logistics,15,0.55,0,B
ORD-01278,2026-05-06,PROD-015,8.0,EAST,190.5399707591237,1524.3197660729895,Apparel,248,62,Alpha Logistics,8,0.69,0,A
ORD-01279,2026-04-28,PROD-020,1.0,EAST,448.71958368505295,448.71958368505295,Office Supplies,278,38,Beta Manufacturing,14,0.53,0,A
ORD-01280,2026-02-17,PROD-019,6.0,EAST,336.5668932881495,2019.4013597288972,Apparel,171,67,Gamma Corp,5,0.87,0,B
ORD-01281,2026-03-30,PROD-003,9.0,SOUTH,395.8196431086431,3562.376787977788,Electronics,26,18,Gamma Corp,6,7.77,0,A
ORD-01282,2026-04-27,PROD-020,7.0,EAST,232.629257303151,1628.404801122057,Office Supplies,278,38,Beta Manufacturing,14,0.53,0,A
ORD-01283,2026-05-09,PROD-011,4.0,NORTH,318.8211375335174,1275.2845501340696,Office Supplies,194,58,Gamma Corp,8,0.71,0,A
ORD-01284,2026-01-16,PROD-017,1.0,NORTH,131.70796828417167,131.70796828417167,Apparel,139,76,Alpha Logistics,16,1.62,0,A
ORD-01285,2026-03-10,PROD-030,2.0,SOUTH,355.6758068389083,711.3516136778165,Apparel,85,22,Beta Manufacturing,2,1.85,0,A
ORD-01286,2026-01-22,PROD-027,5.0,NORTH,219.52465351463528,1097.6232675731765,Home Appliances,268,79,Gamma Corp,13,0.69,0,A
ORD-01287,2026-04-03,PROD-013,5.0,SOUTH,226.84730225922533,1134.2365112961265,Office Supplies,55,76,Alpha Logistics,5,2.95,1,A
ORD-01288,2026-03-17,PROD-011,5.0,WEST,328.167939042672,1640.83969521336,Office Supplies,194,58,Gamma Corp,8,0.71,0,A
ORD-01289,2026-06-03,PROD-002,6.0,WEST,468.7775045197741,2812.6650271186445,Apparel,165,64,Gamma Corp,2,1.32,0,A
ORD-01290,2026-05-24,PROD-009,8.0,SOUTH,41.363109838224254,330.90487870579403,Office Supplies,192,77,Alpha Logistics,11,0.83,0,A
ORD-01291,2026-06-28,PROD-026,2.0,NORTH,414.1241863000337,828.2483726000675,Home Appliances,96,59,Alpha Logistics,13,1.8,0,A
ORD-01292,2026-03-27,PROD-002,3.0,WEST,153.26772410197464,459.8031723059239,Apparel,165,64,Gamma Corp,2,1.32,0,A
ORD-01293,2026-01-29,PROD-021,6.0,NORTH,227.52053270812516,1365.123196248751,Home Appliances,93,40,Alpha Logistics,8,1.61,0,A
ORD-01294,2026-03-10,PROD-009,3.0,NORTH,20.73753109975439,62.21259329926316,Office Supplies,192,77,Alpha Logistics,11,0.83,0,A
ORD-01295,2026-02-16,PROD-009,6.0,SOUTH,157.51257813881338,945.0754688328802,Office Supplies,192,77,Alpha Logistics,11,0.83,0,A
ORD-01296,2026-04-04,PROD-008,6.0,NORTH,256.2893088887639,1537.7358533325835,Electronics,174,68,Gamma Corp,16,0.91,0,A
ORD-01297,2026-05-24,PROD-017,2.0,SOUTH,37.52627790024512,75.05255580049024,Apparel,139,76,Alpha Logistics,16,1.62,0,A
ORD-01298,2026-06-25,PROD-001,7.0,EAST,250.6369073977509,1754.4583517842561,Office Supplies,281,50,Gamma Corp,4,0.47,0,A
ORD-01299,2026-03-26,PROD-025,2.0,EAST,464.2842081406294,928.5684162812588,Apparel,57,29,Gamma Corp,7,2.98,0,A
ORD-01300,2026-02-08,PROD-029,6.0,EAST,61.64267687282456,369.85606123694737,Apparel,210,15,Gamma Corp,8,0.94,0,A
ORD-01301,2026-04-10,PROD-011,1.0,NORTH,384.57595675699713,384.57595675699713,Office Supplies,194,58,Gamma Corp,8,0.71,0,A
ORD-01302,2026-02-02,PROD-008,3.0,WEST,210.7388161542364,632.2164484627092,Electronics,174,68,Gamma Corp,16,0.91,0,A
ORD-01303,2026-04-11,PROD-010,2.0,SOUTH,331.0351201169256,662.0702402338512,Home Appliances,275,32,Beta Manufacturing,14,0.59,0,A
ORD-01304,2026-01-23,PROD-025,7.0,EAST,137.5159330127624,962.6115310893367,Apparel,57,29,Gamma Corp,7,2.98,0,A
ORD-01305,2026-01-10,PROD-007,4.0,SOUTH,88.15120864526556,352.6048345810622,Electronics,63,18,Alpha Logistics,16,2.59,0,B
ORD-01306,2026-03-10,PROD-003,8.0,SOUTH,88.62668099290096,709.0134479432077,Electronics,26,18,Gamma Corp,6,7.77,0,A
ORD-01307,2026-04-10,PROD-003,6.0,EAST,44.54105336514088,267.24632019084527,Electronics,26,18,Gamma Corp,6,7.77,0,A
ORD-01308,2026-02-03,PROD-018,4.0,EAST,100.96688540160908,403.8675416064363,Apparel,25,54,Gamma Corp,12,7.64,1,A
ORD-01309,2026-06-29,PROD-005,5.0,SOUTH,335.46749864459446,1677.3374932229722,Office Supplies,240,20,Gamma Corp,8,0.58,0,B
ORD-01310,2026-05-18,PROD-012,9.0,EAST,442.02839980331896,3978.255598229871,Office Supplies,179,48,Beta Manufacturing,18,1.24,0,A
ORD-01311,2026-05-27,PROD-012,7.0,SOUTH,408.9215859396693,2862.451101577685,Office Supplies,179,48,Beta Manufacturing,18,1.24,0,A
ORD-01312,2026-04-06,PROD-019,9.0,SOUTH,345.7158118384972,3111.442306546475,Apparel,171,67,Gamma Corp,5,0.87,0,B
ORD-01313,2026-01-01,PROD-030,7.0,EAST,64.1116130714403,448.78129150008215,Apparel,85,22,Beta Manufacturing,2,1.85,0,A
ORD-01314,2026-03-10,PROD-006,1.0,NORTH,151.70184868501542,151.70184868501542,Apparel,53,68,Gamma Corp,10,2.85,1,A
ORD-01315,2026-01-04,PROD-002,8.0,NORTH,161.8053689080098,1294.4429512640784,Apparel,165,64,Gamma Corp,2,1.32,0,A
ORD-01316,2026-01-16,PROD-012,4.0,SOUTH,132.4789037348344,529.9156149393376,Office Supplies,179,48,Beta Manufacturing,18,1.24,0,A
ORD-01317,2026-01-24,PROD-019,3.0,SOUTH,262.35277325776434,787.0583197732931,Apparel,171,67,Gamma Corp,5,0.87,0,B
ORD-01318,2026-03-21,PROD-005,7.0,NORTH,248.70309059398946,1740.9216341579263,Office Supplies,240,20,Gamma Corp,8,0.58,0,B
ORD-01319,2026-01-02,PROD-012,3.0,SOUTH,184.874127833844,554.622383501532,Office Supplies,179,48,Beta Manufacturing,18,1.24,0,A
ORD-01320,2026-05-08,PROD-027,8.0,NORTH,183.3566877808537,1466.8535022468295,Home Appliances,268,79,Gamma Corp,13,0.69,0,A
ORD-01321,2026-06-09,PROD-027,6.0,NORTH,415.99224297397984,2495.953457843879,Home Appliances,268,79,Gamma Corp,13,0.69,0,A
ORD-01322,2026-03-25,PROD-017,5.0,SOUTH,396.753495676646,1983.7674783832301,Apparel,139,76,Alpha Logistics,16,1.62,0,A
ORD-01323,2026-06-01,PROD-029,4.0,WEST,160.81995752356536,643.2798300942615,Apparel,210,15,Gamma Corp,8,0.94,0,A
ORD-01324,2026-05-20,PROD-017,8.0,NORTH,457.75633749789705,3662.0506999831764,Apparel,139,76,Alpha Logistics,16,1.62,0,A
ORD-01325,2026-06-27,PROD-010,8.0,EAST,476.87935833122793,3815.0348666498235,Home Appliances,275,32,Beta Manufacturing,14,0.59,0,A
ORD-01326,2026-06-12,PROD-025,1.0,SOUTH,170.10384559472,170.10384559472,Apparel,57,29,Gamma Corp,7,2.98,0,A
ORD-01327,2026-05-04,PROD-023,9.0,WEST,183.66822490859687,1653.0140241773718,Home Appliances,246,55,Beta Manufacturing,11,0.61,0,C
ORD-01328,2026-02-02,PROD-017,5.0,SOUTH,257.7607351767598,1288.8036758837989,Apparel,139,76,Alpha Logistics,16,1.62,0,A
ORD-01329,2026-06-10,PROD-015,5.0,WEST,471.1491981415001,2355.7459907075004,Apparel,248,62,Alpha Logistics,8,0.69,0,A
ORD-01330,2026-06-28,PROD-012,6.0,NORTH,439.39652223973263,2636.379133438396,Office Supplies,179,48,Beta Manufacturing,18,1.24,0,A
ORD-01331,2026-06-20,PROD-030,6.0,NORTH,60.258301665959,361.549809995754,Apparel,85,22,Beta Manufacturing,2,1.85,0,A
ORD-01332,2026-04-11,PROD-016,2.0,NORTH,202.438064202994,404.876128405988,Electronics,135,29,Beta Manufacturing,14,0.9,0,C
ORD-01333,2026-01-12,PROD-024,8.0,NORTH,281.1518829773882,2249.2150638191056,Apparel,269,43,Gamma Corp,14,0.69,0,A
ORD-01334,2026-03-08,PROD-019,7.0,EAST,256.5349115502546,1795.7443808517824,Apparel,171,67,Gamma Corp,5,0.87,0,B
ORD-01335,2026-03-06,PROD-008,1.0,SOUTH,104.9929032890774,104.9929032890774,Electronics,174,68,Gamma Corp,16,0.91,0,A
ORD-01336,2026-06-10,PROD-021,5.0,WEST,430.8202178723958,2154.101089361979,Home Appliances,93,40,Alpha Logistics,8,1.61,0,A
ORD-01337,2026-06-17,PROD-017,6.0,NORTH,341.7009836684503,2050.2059020107017,Apparel,139,76,Alpha Logistics,16,1.62,0,A
ORD-01338,2026-03-15,PROD-023,4.0,NORTH,420.57510367738377,1682.300414709535,Home Appliances,246,55,Beta Manufacturing,11,0.61,0,C
ORD-01339,2026-02-12,PROD-005,2.0,SOUTH,430.7944968812414,861.5889937624828,Office Supplies,240,20,Gamma Corp,8,0.58,0,B
ORD-01340,2026-02-13,PROD-022,4.0,WEST,376.6943682962125,1506.77747318485,Electronics,18,74,Gamma Corp,3,9.67,1,B
ORD-01341,2026-01-29,PROD-016,1.0,NORTH,225.2131946123615,225.2131946123615,Electronics,135,29,Beta Manufacturing,14,0.9,0,C
ORD-01342,2026-05-21,PROD-006,7.0,NORTH,309.16790995755804,2164.175369702906,Apparel,53,68,Gamma Corp,10,2.85,1,A
ORD-01343,2026-01-12,PROD-008,2.0,NORTH,88.57904899867414,177.15809799734828,Electronics,174,68,Gamma Corp,16,0.91,0,A
ORD-01344,2026-04-05,PROD-025,2.0,NORTH,340.0862545627048,680.1725091254096,Apparel,57,29,Gamma Corp,7,2.98,0,A
ORD-01345,2026-02-15,PROD-018,9.0,NORTH,97.83409531224756,880.506857810228,Apparel,25,54,Gamma Corp,12,7.64,1,A
ORD-01346,2026-05-10,PROD-025,5.0,SOUTH,350.0352993499768,1750.176496749884,Apparel,57,29,Gamma Corp,7,2.98,0,A
ORD-01347,2026-02-04,PROD-012,2.0,NORTH,122.50309876944463,245.00619753888927,Office Supplies,179,48,Beta Manufacturing,18,1.24,0,A
ORD-01348,2026-03-22,PROD-015,9.0,SOUTH,67.60013707360778,608.4012336624701,Apparel,248,62,Alpha Logistics,8,0.69,0,A
ORD-01349,2026-03-31,PROD-027,9.0,NORTH,90.98940017004914,818.9046015304423,Home Appliances,268,79,Gamma Corp,13,0.69,0,A
ORD-01350,2026-01-08,PROD-026,1.0,EAST,10.976146257344432,10.976146257344432,Home Appliances,96,59,Alpha Logistics,13,1.8,0,A
ORD-01351,2026-04-03,PROD-009,3.0,EAST,362.1824127482298,1086.5472382446894,Office Supplies,192,77,Alpha Logistics,11,0.83,0,A
ORD-01352,2026-06-03,PROD-013,4.0,EAST,368.87651403860576,1475.506056154423,Office Supplies,55,76,Alpha Logistics,5,2.95,1,A
ORD-01353,2026-03-31,PROD-026,7.0,SOUTH,262.31734145749715,1836.22139020248,Home Appliances,96,59,Alpha Logistics,13,1.8,0,A
ORD-01354,2026-06-11,PROD-015,4.0,SOUTH,89.06777251713801,356.27109006855204,Apparel,248,62,Alpha Logistics,8,0.69,0,A
ORD-01355,2026-04-25,PROD-010,2.0,NORTH,50.94162538023797,101.88325076047595,Home Appliances,275,32,Beta Manufacturing,14,0.59,0,A
ORD-01356,2026-04-15,PROD-016,7.0,EAST,19.373193554270635,135.61235487989444,Electronics,135,29,Beta Manufacturing,14,0.9,0,C
ORD-01357,2026-05-15,PROD-007,6.0,SOUTH,91.21660671295814,547.2996402777488,Electronics,63,18,Alpha Logistics,16,2.59,0,B
ORD-01358,2026-02-27,PROD-017,3.0,NORTH,446.5192121417419,1339.5576364252256,Apparel,139,76,Alpha Logistics,16,1.62,0,A
ORD-01359,2026-04-24,PROD-023,6.0,NORTH,128.35305243382408,770.1183146029445,Home Appliances,246,55,Beta Manufacturing,11,0.61,0,C
ORD-01360,2026-03-16,PROD-026,6.0,SOUTH,183.59295033643568,1101.557702018614,Home Appliances,96,59,Alpha Logistics,13,1.8,0,A
ORD-01361,2026-06-06,PROD-021,5.0,WEST,61.61928739585326,308.0964369792663,Home Appliances,93,40,Alpha Logistics,8,1.61,0,A
ORD-01362,2026-04-30,PROD-022,4.0,NORTH,118.95703932660344,475.82815730641374,Electronics,18,74,Gamma Corp,3,9.67,1,B
ORD-01363,2026-06-13,PROD-026,1.0,WEST,264.4200396823005,264.4200396823005,Home Appliances,96,59,Alpha Logistics,13,1.8,0,A
ORD-01364,2026-01-21,PROD-007,6.0,EAST,307.79881471686974,1846.7928883012185,Electronics,63,18,Alpha Logistics,16,2.59,0,B
ORD-01365,2026-06-13,PROD-014,2.0,WEST,238.038748859201,476.077497718402,Office Supplies,59,28,Gamma Corp,6,2.44,0,C
ORD-01366,2026-05-18,PROD-015,3.0,EAST,38.28875802030744,114.86627406092232,Apparel,248,62,Alpha Logistics,8,0.69,0,A
ORD-01367,2026-04-11,PROD-021,8.0,NORTH,201.60610587242533,1612.8488469794027,Home Appliances,93,40,Alpha Logistics,8,1.61,0,A
ORD-01368,2026-06-01,PROD-007,6.0,WEST,124.75965175390373,748.5579105234224,Electronics,63,18,Alpha Logistics,16,2.59,0,B
ORD-01369,2026-06-26,PROD-009,3.0,NORTH,117.58142238260297,352.7442671478089,Office Supplies,192,77,Alpha Logistics,11,0.83,0,A
ORD-01370,2026-04-09,PROD-019,7.0,EAST,480.33277332959307,3362.3294133071513,Apparel,171,67,Gamma Corp,5,0.87,0,B
ORD-01371,2026-02-05,PROD-016,4.0,NORTH,311.9872381036048,1247.9489524144192,Electronics,135,29,Beta Manufacturing,14,0.9,0,C
ORD-01372,2026-04-06,PROD-008,9.0,SOUTH,282.87043715432696,2545.833934388943,Electronics,174,68,Gamma Corp,16,0.91,0,A
ORD-01373,2026-06-01,PROD-018,5.0,EAST,213.72980072642773,1068.6490036321386,Apparel,25,54,Gamma Corp,12,7.64,1,A
ORD-01374,2026-05-31,PROD-027,3.0,WEST,220.18272338077068,660.5481701423121,Home Appliances,268,79,Gamma Corp,13,0.69,0,A
ORD-01375,2026-02-06,PROD-023,2.0,EAST,275.0434518806596,550.0869037613191,Home Appliances,246,55,Beta Manufacturing,11,0.61,0,C
ORD-01376,2026-01-12,PROD-029,2.0,NORTH,351.2506054476925,702.501210895385,Apparel,210,15,Gamma Corp,8,0.94,0,A
ORD-01377,2026-04-23,PROD-018,3.0,NORTH,354.05158712909645,1062.1547613872895,Apparel,25,54,Gamma Corp,12,7.64,1,A
ORD-01378,2026-01-13,PROD-030,2.0,EAST,94.13001477567028,188.26002955134055,Apparel,85,22,Beta Manufacturing,2,1.85,0,A
ORD-01379,2026-01-23,PROD-020,4.0,WEST,255.05524851754723,1020.2209940701889,Office Supplies,278,38,Beta Manufacturing,14,0.53,0,A
ORD-01380,2026-04-09,PROD-007,2.0,SOUTH,211.85946656670995,423.7189331334199,Electronics,63,18,Alpha Logistics,16,2.59,0,B
ORD-01381,2026-04-15,PROD-003,9.0,SOUTH,436.5582134719983,3929.0239212479846,Electronics,26,18,Gamma Corp,6,7.77,0,A
ORD-01382,2026-01-30,PROD-018,2.0,NORTH,319.3952713970044,638.7905427940088,Apparel,25,54,Gamma Corp,12,7.64,1,A
ORD-01383,2026-01-17,PROD-027,9.0,SOUTH,270.9269925438311,2438.34293289448,Home Appliances,268,79,Gamma Corp,13,0.69,0,A
ORD-01384,2026-04-23,PROD-010,6.0,EAST,66.54337466766951,399.26024800601704,Home Appliances,275,32,Beta Manufacturing,14,0.59,0,A
ORD-01385,2026-03-03,PROD-007,1.0,NORTH,306.76256576847163,306.76256576847163,Electronics,63,18,Alpha Logistics,16,2.59,0,B
ORD-01386,2026-03-25,PROD-017,4.0,NORTH,67.42991378331438,269.7196551332575,Apparel,139,76,Alpha Logistics,16,1.62,0,A
ORD-01387,2026-04-22,PROD-014,1.0,WEST,175.2312220272185,175.2312220272185,Office Supplies,59,28,Gamma Corp,6,2.44,0,C
ORD-01388,2026-03-27,PROD-024,6.0,NORTH,79.99256275902262,479.9553765541357,Apparel,269,43,Gamma Corp,14,0.69,0,A
ORD-01389,2026-05-21,PROD-003,4.0,NORTH,349.1160870419408,1396.464348167763,Electronics,26,18,Gamma Corp,6,7.77,0,A
ORD-01390,2026-01-19,PROD-012,3.0,NORTH,111.06353577971478,333.1906073391443,Office Supplies,179,48,Beta Manufacturing,18,1.24,0,A
ORD-01391,2026-06-26,PROD-028,3.0,WEST,202.01109286213276,606.0332785863983,Home Appliances,39,23,Alpha Logistics,12,4.26,0,A
ORD-01392,2026-04-10,PROD-013,9.0,SOUTH,448.8806410332015,4039.925769298814,Office Supplies,55,76,Alpha Logistics,5,2.95,1,A
ORD-01393,2026-05-20,PROD-002,6.0,EAST,110.11502786549543,660.6901671929726,Apparel,165,64,Gamma Corp,2,1.32,0,A
ORD-01394,2026-05-27,PROD-003,9.0,EAST,258.82448133980176,2329.420332058216,Electronics,26,18,Gamma Corp,6,7.77,0,A
ORD-01395,2026-03-17,PROD-005,5.0,NORTH,215.4431139713508,1077.215569856754,Office Supplies,240,20,Gamma Corp,8,0.58,0,B
ORD-01396,2026-01-09,PROD-011,2.0,SOUTH,18.88078011240757,37.76156022481514,Office Supplies,194,58,Gamma Corp,8,0.71,0,A
ORD-01397,2026-01-28,PROD-008,8.0,EAST,398.4514756506783,3187.611805205426,Electronics,174,68,Gamma Corp,16,0.91,0,A
ORD-01398,2026-05-08,PROD-026,5.0,SOUTH,43.832494094153866,219.16247047076934,Home Appliances,96,59,Alpha Logistics,13,1.8,0,A
ORD-01399,2026-02-21,PROD-023,2.0,NORTH,242.38496027870727,484.76992055741454,Home Appliances,246,55,Beta Manufacturing,11,0.61,0,C
ORD-01400,2026-03-24,PROD-023,4.0,WEST,284.73236452008547,1138.9294580803419,Home Appliances,246,55,Beta Manufacturing,11,0.61,0,C
ORD-01401,2026-04-21,PROD-012,9.0,SOUTH,317.92896374114764,2861.3606736703287,Office Supplies,179,48,Beta Manufacturing,18,1.24,0,A
ORD-01402,2026-05-24,PROD-007,4.0,NORTH,206.75069203548784,827.0027681419514,Electronics,63,18,Alpha Logistics,16,2.59,0,B
ORD-01403,2026-04-27,PROD-015,4.0,SOUTH,134.1034679261304,536.4138717045216,Apparel,248,62,Alpha Logistics,8,0.69,0,A
ORD-01404,2026-03-10,PROD-024,2.0,EAST,14.889600562640194,29.779201125280387,Apparel,269,43,Gamma Corp,14,0.69,0,A
ORD-01405,2026-04-09,PROD-017,6.0,WEST,364.4873945539069,2186.9243673234414,Apparel,139,76,Alpha Logistics,16,1.62,0,A
ORD-01406,2026-05-20,PROD-004,2.0,NORTH,272.4717336803135,544.943467360627,Office Supplies,257,16,Alpha Logistics,15,0.55,0,B
ORD-01407,2026-01-25,PROD-029,7.0,NORTH,419.6976745715519,2937.883722000863,Apparel,210,15,Gamma Corp,8,0.94,0,A
ORD-01408,2026-06-29,PROD-022,3.0,WEST,412.4802978213402,1237.4408934640205,Electronics,18,74,Gamma Corp,3,9.67,1,B
ORD-01409,2026-05-03,PROD-025,3.0,NORTH,423.2298222160628,1269.6894666481885,Apparel,57,29,Gamma Corp,7,2.98,0,A
ORD-01410,2026-02-22,PROD-013,5.0,SOUTH,247.69638338997467,1238.4819169498733,Office Supplies,55,76,Alpha Logistics,5,2.95,1,A
ORD-01411,2026-05-31,PROD-018,3.0,SOUTH,173.47791396006417,520.4337418801925,Apparel,25,54,Gamma Corp,12,7.64,1,A
ORD-01412,2026-05-24,PROD-001,2.0,WEST,299.88183553119995,599.7636710623999,Office Supplies,281,50,Gamma Corp,4,0.47,0,A
ORD-01413,2026-02-26,PROD-016,9.0,SOUTH,231.1341153843349,2080.2070384590143,Electronics,135,29,Beta Manufacturing,14,0.9,0,C
ORD-01414,2026-02-08,PROD-013,2.0,NORTH,99.8866762376829,199.7733524753658,Office Supplies,55,76,Alpha Logistics,5,2.95,1,A
ORD-01415,2026-04-19,PROD-010,2.0,EAST,428.9372695851224,857.8745391702448,Home Appliances,275,32,Beta Manufacturing,14,0.59,0,A
ORD-01416,2026-02-11,PROD-012,8.0,EAST,442.45433961845015,3539.634716947601,Office Supplies,179,48,Beta Manufacturing,18,1.24,0,A
ORD-01417,2026-06-16,PROD-030,9.0,SOUTH,238.49178050868332,2146.4260245781497,Apparel,85,22,Beta Manufacturing,2,1.85,0,A
ORD-01418,2026-05-22,PROD-002,7.0,WEST,47.09286638179586,329.65006467257103,Apparel,165,64,Gamma Corp,2,1.32,0,A
ORD-01419,2026-05-02,PROD-023,3.0,WEST,200.0347840592963,600.1043521778889,Home Appliances,246,55,Beta Manufacturing,11,0.61,0,C
ORD-01420,2026-05-13,PROD-003,9.0,WEST,403.7334531366756,3633.6010782300805,Electronics,26,18,Gamma Corp,6,7.77,0,A
ORD-01421,2026-06-12,PROD-010,3.0,SOUTH,451.869273987652,1355.607821962956,Home Appliances,275,32,Beta Manufacturing,14,0.59,0,A
ORD-01422,2026-03-16,PROD-002,5.0,SOUTH,109.70164382382195,548.5082191191098,Apparel,165,64,Gamma Corp,2,1.32,0,A
ORD-01423,2026-05-26,PROD-030,9.0,WEST,42.817069892383046,385.35362903144744,Apparel,85,22,Beta Manufacturing,2,1.85,0,A
ORD-01424,2026-03-17,PROD-027,3.0,SOUTH,439.9017220350909,1319.7051661052728,Home Appliances,268,79,Gamma Corp,13,0.69,0,A
ORD-01425,2026-01-09,PROD-023,7.0,EAST,200.80842009964888,1405.6589406975422,Home Appliances,246,55,Beta Manufacturing,11,0.61,0,C
ORD-01426,2026-03-15,PROD-013,1.0,NORTH,275.462872491106,275.462872491106,Office Supplies,55,76,Alpha Logistics,5,2.95,1,A
ORD-01427,2026-05-25,PROD-013,4.0,SOUTH,484.3522479048719,1937.4089916194876,Office Supplies,55,76,Alpha Logistics,5,2.95,1,A
ORD-01428,2026-01-07,PROD-018,4.0,EAST,42.6167166779692,170.4668667118768,Apparel,25,54,Gamma Corp,12,7.64,1,A
ORD-01429,2026-06-23,PROD-003,7.0,EAST,327.6758236515268,2293.7307655606874,Electronics,26,18,Gamma Corp,6,7.77,0,A
ORD-01430,2026-05-21,PROD-027,8.0,NORTH,46.31165706168487,370.49325649347895,Home Appliances,268,79,Gamma Corp,13,0.69,0,A
ORD-01431,2026-06-17,PROD-007,1.0,EAST,193.9797749485852,193.9797749485852,Electronics,63,18,Alpha Logistics,16,2.59,0,B
ORD-01432,2026-06-19,PROD-014,5.0,SOUTH,403.8691271447889,2019.3456357239443,Office Supplies,59,28,Gamma Corp,6,2.44,0,C
ORD-01433,2026-05-17,PROD-020,7.0,NORTH,222.40139405026085,1556.8097583518258,Office Supplies,278,38,Beta Manufacturing,14,0.53,0,A
ORD-01434,2026-06-27,PROD-029,4.0,EAST,498.6193534124457,1994.4774136497829,Apparel,210,15,Gamma Corp,8,0.94,0,A
ORD-01435,2026-01-27,PROD-030,4.0,NORTH,283.93904962383505,1135.7561984953402,Apparel,85,22,Beta Manufacturing,2,1.85,0,A
ORD-01436,2026-05-02,PROD-017,4.0,SOUTH,167.36945479161722,669.4778191664689,Apparel,139,76,Alpha Logistics,16,1.62,0,A
ORD-01437,2026-01-05,PROD-029,6.0,EAST,117.85454969332903,707.1272981599742,Apparel,210,15,Gamma Corp,8,0.94,0,A
ORD-01438,2026-01-29,PROD-030,7.0,SOUTH,181.7550618002193,1272.2854326015351,Apparel,85,22,Beta Manufacturing,2,1.85,0,A
ORD-01439,2026-06-14,PROD-021,2.0,WEST,192.5413041421799,385.0826082843598,Home Appliances,93,40,Alpha Logistics,8,1.61,0,A
ORD-01440,2026-06-15,PROD-012,5.0,EAST,43.66970208474088,218.3485104237044,Office Supplies,179,48,Beta Manufacturing,18,1.24,0,A
ORD-01441,2026-03-24,PROD-025,4.0,WEST,191.0913577191189,764.3654308764756,Apparel,57,29,Gamma Corp,7,2.98,0,A
ORD-01442,2026-05-16,PROD-016,3.0,NORTH,237.47687467222025,712.4306240166608,Electronics,135,29,Beta Manufacturing,14,0.9,0,C
ORD-01443,2026-04-19,PROD-024,7.0,EAST,364.1414985970143,2548.9904901791,Apparel,269,43,Gamma Corp,14,0.69,0,A
ORD-01444,2026-03-06,PROD-012,6.0,NORTH,331.7974475135879,1990.7846850815272,Office Supplies,179,48,Beta Manufacturing,18,1.24,0,A
ORD-01445,2026-03-27,PROD-015,7.0,WEST,357.2951710622856,2501.066197435999,Apparel,248,62,Alpha Logistics,8,0.69,0,A
ORD-01446,2026-05-25,PROD-025,5.0,NORTH,14.09820411965998,70.4910205982999,Apparel,57,29,Gamma Corp,7,2.98,0,A
ORD-01447,2026-03-12,PROD-010,6.0,NORTH,116.65702579446268,699.9421547667761,Home Appliances,275,32,Beta Manufacturing,14,0.59,0,A
ORD-01448,2026-02-14,PROD-030,5.0,NORTH,334.2253013159297,1671.1265065796485,Apparel,85,22,Beta Manufacturing,2,1.85,0,A
ORD-01449,2026-05-12,PROD-025,7.0,NORTH,247.1547904080761,1730.0835328565327,Apparel,57,29,Gamma Corp,7,2.98,0,A
ORD-01450,2026-02-05,PROD-007,2.0,NORTH,12.603603077489511,25.207206154979023,Electronics,63,18,Alpha Logistics,16,2.59,0,B
ORD-01451,2026-03-11,PROD-020,5.0,EAST,404.20237479159294,2021.0118739579648,Office Supplies,278,38,Beta Manufacturing,14,0.53,0,A
ORD-01452,2026-06-08,PROD-005,6.0,SOUTH,388.6766909122653,2332.060145473592,Office Supplies,240,20,Gamma Corp,8,0.58,0,B
ORD-01453,2026-01-19,PROD-001,6.0,EAST,278.7253898668457,1672.3523392010743,Office Supplies,281,50,Gamma Corp,4,0.47,0,A
ORD-01454,2026-04-18,PROD-030,5.0,EAST,42.56702963037334,212.8351481518667,Apparel,85,22,Beta Manufacturing,2,1.85,0,A
ORD-01455,2026-06-16,PROD-017,7.0,NORTH,385.5923742709665,2699.1466198967655,Apparel,139,76,Alpha Logistics,16,1.62,0,A
ORD-01456,2026-04-01,PROD-003,8.0,NORTH,296.01965798836835,2368.157263906947,Electronics,26,18,Gamma Corp,6,7.77,0,A
ORD-01457,2026-03-31,PROD-013,7.0,SOUTH,393.1603888074,2752.1227216518,Office Supplies,55,76,Alpha Logistics,5,2.95,1,A
ORD-01458,2026-01-19,PROD-014,5.0,NORTH,378.3560262739618,1891.780131369809,Office Supplies,59,28,Gamma Corp,6,2.44,0,C
ORD-01459,2026-02-08,PROD-024,1.0,SOUTH,403.4710152593402,403.4710152593402,Apparel,269,43,Gamma Corp,14,0.69,0,A
ORD-01460,2026-05-06,PROD-030,5.0,SOUTH,263.82395253826616,1319.1197626913308,Apparel,85,22,Beta Manufacturing,2,1.85,0,A
ORD-01461,2026-06-22,PROD-018,2.0,NORTH,78.75901391482235,157.5180278296447,Apparel,25,54,Gamma Corp,12,7.64,1,A
ORD-01462,2026-05-21,PROD-004,5.0,SOUTH,338.8671619560474,1694.335809780237,Office Supplies,257,16,Alpha Logistics,15,0.55,0,B
ORD-01463,2026-05-06,PROD-018,5.0,EAST,314.0321546754656,1570.160773377328,Apparel,25,54,Gamma Corp,12,7.64,1,A
ORD-01464,2026-02-27,PROD-030,2.0,EAST,373.7040617275527,747.4081234551054,Apparel,85,22,Beta Manufacturing,2,1.85,0,A
ORD-01465,2026-05-28,PROD-005,5.0,SOUTH,93.2416929648603,466.20846482430153,Office Supplies,240,20,Gamma Corp,8,0.58,0,B
ORD-01466,2026-03-02,PROD-025,4.0,SOUTH,105.53784795114171,422.15139180456686,Apparel,57,29,Gamma Corp,7,2.98,0,A
ORD-01467,2026-05-07,PROD-016,1.0,SOUTH,446.300663437471,446.300663437471,Electronics,135,29,Beta Manufacturing,14,0.9,0,C
ORD-01468,2026-04-15,PROD-001,3.0,SOUTH,377.4891212415147,1132.4673637245442,Office Supplies,281,50,Gamma Corp,4,0.47,0,A
ORD-01469,2026-06-16,PROD-021,1.0,NORTH,455.0319594631582,455.0319594631582,Home Appliances,93,40,Alpha Logistics,8,1.61,0,A
ORD-01470,2026-01-01,PROD-014,5.0,WEST,381.7705073703211,1908.8525368516057,Office Supplies,59,28,Gamma Corp,6,2.44,0,C
ORD-01471,2026-05-11,PROD-015,4.0,SOUTH,302.6060999352479,1210.4243997409917,Apparel,248,62,Alpha Logistics,8,0.69,0,A
ORD-01472,2026-04-02,PROD-009,7.0,NORTH,330.5250411436581,2313.6752880056065,Office Supplies,192,77,Alpha Logistics,11,0.83,0,A
ORD-01473,2026-04-23,PROD-015,5.0,EAST,445.6726827306049,2228.3634136530245,Apparel,248,62,Alpha Logistics,8,0.69,0,A
ORD-01474,2026-06-02,PROD-017,4.0,SOUTH,293.61530971085085,1174.4612388434034,Apparel,139,76,Alpha Logistics,16,1.62,0,A
ORD-01475,2026-02-25,PROD-025,2.0,NORTH,319.87174892090985,639.7434978418197,Apparel,57,29,Gamma Corp,7,2.98,0,A
ORD-01476,2026-06-10,PROD-024,4.0,SOUTH,86.67359084176428,346.6943633670571,Apparel,269,43,Gamma Corp,14,0.69,0,A
ORD-01477,2026-06-15,PROD-004,2.0,EAST,242.22139785689032,484.44279571378064,Office Supplies,257,16,Alpha Logistics,15,0.55,0,B
ORD-01478,2026-04-27,PROD-012,8.0,EAST,361.0345848594685,2888.276678875748,Office Supplies,179,48,Beta Manufacturing,18,1.24,0,A
ORD-01479,2026-05-14,PROD-027,3.0,SOUTH,142.76192217501907,428.28576652505717,Home Appliances,268,79,Gamma Corp,13,0.69,0,A
ORD-01480,2026-02-27,PROD-026,9.0,SOUTH,109.1045484570221,981.940936113199,Home Appliances,96,59,Alpha Logistics,13,1.8,0,A
ORD-01481,2026-02-13,PROD-005,4.0,NORTH,163.77513602996362,655.1005441198545,Office Supplies,240,20,Gamma Corp,8,0.58,0,B
ORD-01482,2026-06-22,PROD-029,6.0,SOUTH,128.3353077164884,770.0118462989303,Apparel,210,15,Gamma Corp,8,0.94,0,A
ORD-01483,2026-06-09,PROD-005,5.0,EAST,115.30719214783396,576.5359607391698,Office Supplies,240,20,Gamma Corp,8,0.58,0,B
ORD-01484,2026-06-22,PROD-011,1.0,NORTH,218.1769130053626,218.1769130053626,Office Supplies,194,58,Gamma Corp,8,0.71,0,A
ORD-01485,2026-03-02,PROD-028,9.0,WEST,454.8408718029317,4093.5678462263854,Home Appliances,39,23,Alpha Logistics,12,4.26,0,A
ORD-01486,2026-02-16,PROD-006,1.0,NORTH,258.459226901972,258.459226901972,Apparel,53,68,Gamma Corp,10,2.85,1,A
ORD-01487,2026-05-29,PROD-007,8.0,NORTH,102.08098659950828,816.6478927960662,Electronics,63,18,Alpha Logistics,16,2.59,0,B
ORD-01488,2026-03-21,PROD-024,9.0,NORTH,47.7161179966283,429.4450619696547,Apparel,269,43,Gamma Corp,14,0.69,0,A
ORD-01489,2026-04-28,PROD-014,9.0,NORTH,351.11651111758334,3160.04860005825,Office Supplies,59,28,Gamma Corp,6,2.44,0,C
ORD-01490,2026-06-13,PROD-024,1.0,NORTH,197.57139457383005,197.57139457383005,Apparel,269,43,Gamma Corp,14,0.69,0,A
ORD-01491,2026-05-27,PROD-011,2.0,NORTH,412.69716382682606,825.3943276536521,Office Supplies,194,58,Gamma Corp,8,0.71,0,A
ORD-01492,2026-01-20,PROD-030,1.0,WEST,333.1602766339774,333.1602766339774,Apparel,85,22,Beta Manufacturing,2,1.85,0,A
ORD-01493,2026-05-26,PROD-013,2.0,NORTH,400.1583107652706,800.3166215305412,Office Supplies,55,76,Alpha Logistics,5,2.95,1,A
ORD-01494,2026-02-16,PROD-002,8.0,NORTH,143.2535593150399,1146.0284745203192,Apparel,165,64,Gamma Corp,2,1.32,0,A
ORD-01495,2026-02-18,PROD-025,5.0,WEST,349.2558720059185,1746.2793600295925,Apparel,57,29,Gamma Corp,7,2.98,0,A
ORD-01496,2026-01-14,PROD-007,7.0,EAST,139.3903724999222,975.7326074994553,Electronics,63,18,Alpha Logistics,16,2.59,0,B
ORD-01497,2026-05-23,PROD-020,2.0,SOUTH,470.1435549306429,940.2871098612858,Office Supplies,278,38,Beta Manufacturing,14,0.53,0,A
ORD-01498,2026-06-08,PROD-004,8.0,NORTH,321.82339795135346,2574.5871836108277,Office Supplies,257,16,Alpha Logistics,15,0.55,0,B
ORD-01499,2026-01-01,PROD-027,6.0,SOUTH,169.0107820859176,1014.0646925155056,Home Appliances,268,79,Gamma Corp,13,0.69,0,A
ORD-01500,2026-04-27,PROD-008,8.0,SOUTH,142.0608125232136,1136.4865001857088,Electronics,174,68,Gamma Corp,16,0.91,0,A
ORD-01501,2026-02-23,PROD-020,1.0,SOUTH,103.55402668510531,103.55402668510531,Office Supplies,278,38,Beta Manufacturing,14,0.53,0,A
ORD-01502,2026-04-28,PROD-029,1.0,WEST,350.3740698579266,350.3740698579266,Apparel,210,15,Gamma Corp,8,0.94,0,A
ORD-01503,2026-01-03,PROD-022,7.0,SOUTH,117.17065036898438,820.1945525828907,Electronics,18,74,Gamma Corp,3,9.67,1,B
ORD-01504,2026-05-24,PROD-021,8.0,SOUTH,301.69860030446966,2413.5888024357573,Home Appliances,93,40,Alpha Logistics,8,1.61,0,A
ORD-01505,2026-01-12,PROD-019,3.0,EAST,139.6711631934251,419.0134895802753,Apparel,171,67,Gamma Corp,5,0.87,0,B
ORD-01506,2026-03-15,PROD-013,5.0,EAST,334.3647829489956,1671.8239147449779,Office Supplies,55,76,Alpha Logistics,5,2.95,1,A
ORD-01507,2026-01-16,PROD-014,1.0,EAST,409.3204669848642,409.3204669848642,Office Supplies,59,28,Gamma Corp,6,2.44,0,C
ORD-01508,2026-04-12,PROD-010,7.0,SOUTH,391.23236914088005,2738.6265839861603,Home Appliances,275,32,Beta Manufacturing,14,0.59,0,A
ORD-01509,2026-06-01,PROD-011,5.0,WEST,382.8171521560831,1914.0857607804155,Office Supplies,194,58,Gamma Corp,8,0.71,0,A
ORD-01510,2026-06-05,PROD-002,8.0,NORTH,101.98397878920352,815.8718303136282,Apparel,165,64,Gamma Corp,2,1.32,0,A
ORD-01511,2026-04-27,PROD-025,8.0,NORTH,53.308624022414165,426.4689921793133,Apparel,57,29,Gamma Corp,7,2.98,0,A
ORD-01512,2026-01-08,PROD-026,9.0,SOUTH,352.48492595881896,3172.364333629371,Home Appliances,96,59,Alpha Logistics,13,1.8,0,A
ORD-01513,2026-05-02,PROD-009,7.0,NORTH,190.49013475923212,1333.4309433146248,Office Supplies,192,77,Alpha Logistics,11,0.83,0,A
ORD-01514,2026-04-02,PROD-017,1.0,NORTH,221.84965093764015,221.84965093764015,Apparel,139,76,Alpha Logistics,16,1.62,0,A
ORD-01515,2026-06-13,PROD-026,3.0,EAST,25.26305546876162,75.78916640628486,Home Appliances,96,59,Alpha Logistics,13,1.8,0,A
ORD-01516,2026-03-31,PROD-003,8.0,EAST,137.1924601447741,1097.5396811581927,Electronics,26,18,Gamma Corp,6,7.77,0,A
ORD-01517,2026-05-16,PROD-024,3.0,SOUTH,26.50143789848737,79.50431369546212,Apparel,269,43,Gamma Corp,14,0.69,0,A
ORD-01518,2026-03-01,PROD-006,8.0,SOUTH,440.80102857461134,3526.4082285968907,Apparel,53,68,Gamma Corp,10,2.85,1,A
ORD-01519,2026-06-27,PROD-005,1.0,NORTH,129.26437477707992,129.26437477707992,Office Supplies,240,20,Gamma Corp,8,0.58,0,B
ORD-01520,2026-01-28,PROD-005,5.0,SOUTH,283.09521309077394,1415.4760654538698,Office Supplies,240,20,Gamma Corp,8,0.58,0,B
ORD-01521,2026-04-11,PROD-022,4.0,SOUTH,29.099867123953903,116.39946849581561,Electronics,18,74,Gamma Corp,3,9.67,1,B
ORD-01522,2026-02-10,PROD-015,5.0,WEST,336.7552217397725,1683.7761086988623,Apparel,248,62,Alpha Logistics,8,0.69,0,A
ORD-01523,2026-06-04,PROD-023,8.0,SOUTH,168.283399419506,1346.267195356048,Home Appliances,246,55,Beta Manufacturing,11,0.61,0,C
ORD-01524,2026-05-25,PROD-017,4.0,WEST,449.98040160925626,1799.921606437025,Apparel,139,76,Alpha Logistics,16,1.62,0,A
ORD-01525,2026-06-10,PROD-009,4.0,SOUTH,445.1779125776776,1780.7116503107104,Office Supplies,192,77,Alpha Logistics,11,0.83,0,A
ORD-01526,2026-06-06,PROD-003,3.0,SOUTH,169.3924029972564,508.1772089917692,Electronics,26,18,Gamma Corp,6,7.77,0,A
ORD-01527,2026-05-21,PROD-020,7.0,SOUTH,451.4708388883293,3160.2958722183052,Office Supplies,278,38,Beta Manufacturing,14,0.53,0,A
ORD-01528,2026-02-15,PROD-026,3.0,NORTH,498.1172600144016,1494.3517800432048,Home Appliances,96,59,Alpha Logistics,13,1.8,0,A
ORD-01529,2026-02-04,PROD-017,3.0,WEST,414.45367542073456,1243.3610262622037,Apparel,139,76,Alpha Logistics,16,1.62,0,A
ORD-01530,2026-05-14,PROD-029,5.0,SOUTH,423.98696040006223,2119.9348020003113,Apparel,210,15,Gamma Corp,8,0.94,0,A
ORD-01531,2026-03-23,PROD-027,5.0,EAST,132.01428069345403,660.0714034672701,Home Appliances,268,79,Gamma Corp,13,0.69,0,A
ORD-01532,2026-04-25,PROD-010,6.0,SOUTH,292.5841754403006,1755.5050526418036,Home Appliances,275,32,Beta Manufacturing,14,0.59,0,A
ORD-01533,2026-02-16,PROD-003,8.0,SOUTH,42.95539784401025,343.643182752082,Electronics,26,18,Gamma Corp,6,7.77,0,A
ORD-01534,2026-06-02,PROD-018,6.0,EAST,56.50978904261816,339.05873425570894,Apparel,25,54,Gamma Corp,12,7.64,1,A
ORD-01535,2026-01-10,PROD-018,1.0,SOUTH,499.4573798963124,499.4573798963124,Apparel,25,54,Gamma Corp,12,7.64,1,A
ORD-01536,2026-02-25,PROD-030,8.0,NORTH,170.05323221869637,1360.425857749571,Apparel,85,22,Beta Manufacturing,2,1.85,0,A
ORD-01537,2026-01-30,PROD-017,8.0,NORTH,376.61011690393474,3012.880935231478,Apparel,139,76,Alpha Logistics,16,1.62,0,A
ORD-01538,2026-04-19,PROD-024,9.0,NORTH,405.26587598314006,3647.3928838482607,Apparel,269,43,Gamma Corp,14,0.69,0,A
ORD-01539,2026-01-05,PROD-003,9.0,NORTH,430.4314027935423,3873.882625141881,Electronics,26,18,Gamma Corp,6,7.77,0,A
ORD-01540,2026-04-29,PROD-003,2.0,NORTH,498.8378657270567,997.6757314541134,Electronics,26,18,Gamma Corp,6,7.77,0,A
ORD-01541,2026-02-02,PROD-006,2.0,SOUTH,128.33327777586524,256.6665555517305,Apparel,53,68,Gamma Corp,10,2.85,1,A
ORD-01542,2026-04-28,PROD-013,3.0,NORTH,29.771905161252857,89.31571548375857,Office Supplies,55,76,Alpha Logistics,5,2.95,1,A
ORD-01543,2026-03-06,PROD-024,1.0,NORTH,211.48384381734712,211.48384381734712,Apparel,269,43,Gamma Corp,14,0.69,0,A
ORD-01544,2026-05-26,PROD-029,4.0,NORTH,73.739528216184,294.958112864736,Apparel,210,15,Gamma Corp,8,0.94,0,A
ORD-01545,2026-06-26,PROD-015,4.0,EAST,20.98868568940701,83.95474275762804,Apparel,248,62,Alpha Logistics,8,0.69,0,A
ORD-01546,2026-01-11,PROD-025,9.0,NORTH,186.6091452993282,1679.4823076939538,Apparel,57,29,Gamma Corp,7,2.98,0,A
ORD-01547,2026-03-26,PROD-009,9.0,EAST,394.03174302686585,3546.285687241793,Office Supplies,192,77,Alpha Logistics,11,0.83,0,A
ORD-01548,2026-01-26,PROD-004,9.0,NORTH,287.4285387002847,2586.8568483025624,Office Supplies,257,16,Alpha Logistics,15,0.55,0,B
ORD-01549,2026-03-04,PROD-014,7.0,NORTH,163.26121471307349,1142.8285029915144,Office Supplies,59,28,Gamma Corp,6,2.44,0,C
ORD-01550,2026-03-27,PROD-005,2.0,SOUTH,330.6275826914327,661.2551653828654,Office Supplies,240,20,Gamma Corp,8,0.58,0,B
ORD-01551,2026-02-28,PROD-002,5.0,NORTH,123.68890835131724,618.4445417565862,Apparel,165,64,Gamma Corp,2,1.32,0,A
ORD-01552,2026-01-27,PROD-011,4.0,SOUTH,17.046908575321662,68.18763430128665,Office Supplies,194,58,Gamma Corp,8,0.71,0,A
ORD-01553,2026-06-26,PROD-009,8.0,SOUTH,384.5331593538494,3076.265274830795,Office Supplies,192,77,Alpha Logistics,11,0.83,0,A
ORD-01554,2026-06-10,PROD-024,2.0,SOUTH,315.6341115833645,631.268223166729,Apparel,269,43,Gamma Corp,14,0.69,0,A
ORD-01555,2026-04-08,PROD-003,6.0,WEST,383.5282860054704,2301.1697160328226,Electronics,26,18,Gamma Corp,6,7.77,0,A
ORD-01556,2026-04-15,PROD-027,5.0,SOUTH,29.07962817695615,145.39814088478073,Home Appliances,268,79,Gamma Corp,13,0.69,0,A
ORD-01557,2026-04-09,PROD-028,2.0,WEST,420.1886176370196,840.3772352740392,Home Appliances,39,23,Alpha Logistics,12,4.26,0,A
ORD-01558,2026-05-09,PROD-029,1.0,WEST,313.56783801778863,313.56783801778863,Apparel,210,15,Gamma Corp,8,0.94,0,A
ORD-01559,2026-05-29,PROD-009,8.0,SOUTH,286.06372184919366,2288.5097747935492,Office Supplies,192,77,Alpha Logistics,11,0.83,0,A
ORD-01560,2026-02-24,PROD-003,2.0,SOUTH,316.0608835761205,632.121767152241,Electronics,26,18,Gamma Corp,6,7.77,0,A
ORD-01561,2026-01-06,PROD-025,7.0,SOUTH,433.5722909654984,3035.006036758489,Apparel,57,29,Gamma Corp,7,2.98,0,A
ORD-01562,2026-04-05,PROD-002,9.0,WEST,297.5988882138645,2678.3899939247804,Apparel,165,64,Gamma Corp,2,1.32,0,A
ORD-01563,2026-05-13,PROD-012,9.0,SOUTH,294.66568614520787,2651.991175306871,Office Supplies,179,48,Beta Manufacturing,18,1.24,0,A
ORD-01564,2026-04-12,PROD-010,8.0,WEST,495.4327869622253,3963.4622956978023,Home Appliances,275,32,Beta Manufacturing,14,0.59,0,A
ORD-01565,2026-01-03,PROD-009,9.0,NORTH,380.7977818635983,3427.1800367723845,Office Supplies,192,77,Alpha Logistics,11,0.83,0,A
ORD-01566,2026-01-23,PROD-015,2.0,SOUTH,226.72396467105628,453.44792934211256,Apparel,248,62,Alpha Logistics,8,0.69,0,A
ORD-01567,2026-02-22,PROD-008,6.0,SOUTH,356.6245300161346,2139.747180096808,Electronics,174,68,Gamma Corp,16,0.91,0,A
ORD-01568,2026-06-14,PROD-025,4.0,WEST,200.7229311289764,802.8917245159056,Apparel,57,29,Gamma Corp,7,2.98,0,A
ORD-01569,2026-03-24,PROD-005,4.0,NORTH,122.14897661691452,488.5959064676581,Office Supplies,240,20,Gamma Corp,8,0.58,0,B
ORD-01570,2026-05-25,PROD-011,5.0,EAST,302.45741967500214,1512.2870983750108,Office Supplies,194,58,Gamma Corp,8,0.71,0,A
ORD-01571,2026-03-26,PROD-027,3.0,SOUTH,464.8092280758362,1394.4276842275085,Home Appliances,268,79,Gamma Corp,13,0.69,0,A
ORD-01572,2026-03-19,PROD-002,1.0,WEST,465.2783648075768,465.2783648075768,Apparel,165,64,Gamma Corp,2,1.32,0,A
ORD-01573,2026-04-20,PROD-024,8.0,SOUTH,177.53358627169027,1420.2686901735221,Apparel,269,43,Gamma Corp,14,0.69,0,A
ORD-01574,2026-01-01,PROD-028,5.0,SOUTH,232.8059735340183,1164.0298676700916,Home Appliances,39,23,Alpha Logistics,12,4.26,0,A
ORD-01575,2026-02-20,PROD-015,3.0,SOUTH,113.701590299232,341.10477089769597,Apparel,248,62,Alpha Logistics,8,0.69,0,A
ORD-01576,2026-06-22,PROD-006,7.0,SOUTH,497.8592436544529,3485.0147055811703,Apparel,53,68,Gamma Corp,10,2.85,1,A
ORD-01577,2026-01-04,PROD-008,7.0,EAST,490.7477748552885,3435.23442398702,Electronics,174,68,Gamma Corp,16,0.91,0,A
ORD-01578,2026-04-23,PROD-027,1.0,NORTH,328.2593755566492,328.2593755566492,Home Appliances,268,79,Gamma Corp,13,0.69,0,A
ORD-01579,2026-02-01,PROD-005,9.0,WEST,404.162889241962,3637.466003177658,Office Supplies,240,20,Gamma Corp,8,0.58,0,B
ORD-01580,2026-02-03,PROD-016,2.0,NORTH,360.399079029013,720.798158058026,Electronics,135,29,Beta Manufacturing,14,0.9,0,C
ORD-01581,2026-04-02,PROD-026,5.0,NORTH,300.6475273293394,1503.2376366466972,Home Appliances,96,59,Alpha Logistics,13,1.8,0,A
ORD-01582,2026-04-05,PROD-018,5.0,NORTH,36.140518524559866,180.70259262279933,Apparel,25,54,Gamma Corp,12,7.64,1,A
ORD-01583,2026-03-13,PROD-006,8.0,SOUTH,232.83452785080397,1862.6762228064317,Apparel,53,68,Gamma Corp,10,2.85,1,A
ORD-01584,2026-02-08,PROD-005,8.0,NORTH,340.6452880620312,2725.16230449625,Office Supplies,240,20,Gamma Corp,8,0.58,0,B
ORD-01585,2026-06-03,PROD-028,7.0,SOUTH,341.99049080300546,2393.9334356210384,Home Appliances,39,23,Alpha Logistics,12,4.26,0,A
ORD-01586,2026-06-11,PROD-016,7.0,SOUTH,192.830083026968,1349.810581188776,Electronics,135,29,Beta Manufacturing,14,0.9,0,C
ORD-01587,2026-04-28,PROD-013,6.0,SOUTH,471.429073462435,2828.5744407746097,Office Supplies,55,76,Alpha Logistics,5,2.95,1,A
ORD-01588,2026-01-03,PROD-028,6.0,SOUTH,92.0049457960227,552.0296747761362,Home Appliances,39,23,Alpha Logistics,12,4.26,0,A
ORD-01589,2026-05-03,PROD-005,9.0,NORTH,255.1761286456247,2296.585157810622,Office Supplies,240,20,Gamma Corp,8,0.58,0,B
ORD-01590,2026-02-19,PROD-013,6.0,SOUTH,348.5331485099032,2091.198891059419,Office Supplies,55,76,Alpha Logistics,5,2.95,1,A
ORD-01591,2026-01-12,PROD-017,2.0,NORTH,351.5965448869865,703.193089773973,Apparel,139,76,Alpha Logistics,16,1.62,0,A
ORD-01592,2026-02-23,PROD-018,2.0,SOUTH,236.57667412307623,473.15334824615246,Apparel,25,54,Gamma Corp,12,7.64,1,A
ORD-01593,2026-05-13,PROD-008,5.0,NORTH,144.8912245914115,724.4561229570575,Electronics,174,68,Gamma Corp,16,0.91,0,A
ORD-01594,2026-02-26,PROD-013,4.0,WEST,86.54121865644477,346.1648746257791,Office Supplies,55,76,Alpha Logistics,5,2.95,1,A
ORD-01595,2026-05-25,PROD-030,2.0,NORTH,321.6107601450883,643.2215202901766,Apparel,85,22,Beta Manufacturing,2,1.85,0,A
ORD-01596,2026-04-22,PROD-029,3.0,NORTH,303.6580369083245,910.9741107249736,Apparel,210,15,Gamma Corp,8,0.94,0,A
ORD-01597,2026-02-16,PROD-019,7.0,WEST,97.88444504172809,685.1911152920966,Apparel,171,67,Gamma Corp,5,0.87,0,B
ORD-01598,2026-05-31,PROD-026,8.0,EAST,355.518181329576,2844.145450636608,Home Appliances,96,59,Alpha Logistics,13,1.8,0,A
ORD-01599,2026-03-26,PROD-003,6.0,NORTH,233.03427594949164,1398.2056556969499,Electronics,26,18,Gamma Corp,6,7.77,0,A
ORD-01600,2026-05-22,PROD-024,5.0,NORTH,337.20268988554494,1686.0134494277247,Apparel,269,43,Gamma Corp,14,0.69,0,A
ORD-01601,2026-03-07,PROD-008,1.0,EAST,420.3098690873738,420.3098690873738,Electronics,174,68,Gamma Corp,16,0.91,0,A
ORD-01602,2026-03-16,PROD-002,8.0,EAST,93.16693000269235,745.3354400215388,Apparel,165,64,Gamma Corp,2,1.32,0,A
ORD-01603,2026-06-28,PROD-008,3.0,NORTH,19.380985318449973,58.14295595534992,Electronics,174,68,Gamma Corp,16,0.91,0,A
ORD-01604,2026-04-13,PROD-027,6.0,EAST,391.76026733393553,2350.561604003613,Home Appliances,268,79,Gamma Corp,13,0.69,0,A
ORD-01605,2026-06-15,PROD-013,3.0,SOUTH,308.7517383247818,926.2552149743453,Office Supplies,55,76,Alpha Logistics,5,2.95,1,A
ORD-01606,2026-02-07,PROD-013,7.0,WEST,352.82338911483964,2469.7637238038774,Office Supplies,55,76,Alpha Logistics,5,2.95,1,A
ORD-01607,2026-02-19,PROD-001,7.0,WEST,420.6959377444349,2944.871564211044,Office Supplies,281,50,Gamma Corp,4,0.47,0,A
ORD-01608,2026-04-08,PROD-006,9.0,WEST,403.3773580640053,3630.396222576048,Apparel,53,68,Gamma Corp,10,2.85,1,A
ORD-01609,2026-03-23,PROD-024,5.0,SOUTH,283.41588702009847,1417.0794351004924,Apparel,269,43,Gamma Corp,14,0.69,0,A
ORD-01610,2026-01-30,PROD-019,8.0,EAST,272.6081886375379,2180.8655091003034,Apparel,171,67,Gamma Corp,5,0.87,0,B
ORD-01611,2026-03-20,PROD-016,8.0,NORTH,249.36286000335363,1994.902880026829,Electronics,135,29,Beta Manufacturing,14,0.9,0,C
ORD-01612,2026-04-01,PROD-008,1.0,EAST,206.9247279464577,206.9247279464577,Electronics,174,68,Gamma Corp,16,0.91,0,A
ORD-01613,2026-06-28,PROD-028,5.0,NORTH,85.30861099366022,426.54305496830113,Home Appliances,39,23,Alpha Logistics,12,4.26,0,A
ORD-01614,2026-02-21,PROD-001,3.0,SOUTH,290.577544112191,871.732632336573,Office Supplies,281,50,Gamma Corp,4,0.47,0,A
ORD-01615,2026-06-15,PROD-027,1.0,WEST,145.7361369197296,145.7361369197296,Home Appliances,268,79,Gamma Corp,13,0.69,0,A
ORD-01616,2026-03-20,PROD-027,4.0,EAST,461.440680984358,1845.762723937432,Home Appliances,268,79,Gamma Corp,13,0.69,0,A
ORD-01617,2026-01-30,PROD-016,8.0,NORTH,295.7634940957778,2366.1079527662223,Electronics,135,29,Beta Manufacturing,14,0.9,0,C
ORD-01618,2026-04-16,PROD-009,3.0,NORTH,300.491688448974,901.4750653469221,Office Supplies,192,77,Alpha Logistics,11,0.83,0,A
ORD-01619,2026-02-20,PROD-013,2.0,SOUTH,183.9130838297349,367.8261676594698,Office Supplies,55,76,Alpha Logistics,5,2.95,1,A
ORD-01620,2026-03-22,PROD-011,9.0,SOUTH,35.47478246907667,319.27304222169005,Office Supplies,194,58,Gamma Corp,8,0.71,0,A
ORD-01621,2026-05-13,PROD-013,5.0,NORTH,25.554445032764423,127.77222516382211,Office Supplies,55,76,Alpha Logistics,5,2.95,1,A
ORD-01622,2026-01-29,PROD-025,5.0,NORTH,217.4342206350668,1087.1711031753339,Apparel,57,29,Gamma Corp,7,2.98,0,A
ORD-01623,2026-05-12,PROD-021,2.0,WEST,51.43703526764655,102.8740705352931,Home Appliances,93,40,Alpha Logistics,8,1.61,0,A
ORD-01624,2026-05-18,PROD-010,9.0,EAST,307.35500821466815,2766.195073932013,Home Appliances,275,32,Beta Manufacturing,14,0.59,0,A
ORD-01625,2026-05-25,PROD-004,9.0,NORTH,441.67677276343215,3975.0909548708896,Office Supplies,257,16,Alpha Logistics,15,0.55,0,B
ORD-01626,2026-03-15,PROD-027,4.0,SOUTH,442.62826009417387,1770.5130403766955,Home Appliances,268,79,Gamma Corp,13,0.69,0,A
ORD-01627,2026-01-17,PROD-006,4.0,NORTH,332.93225096479387,1331.7290038591755,Apparel,53,68,Gamma Corp,10,2.85,1,A
ORD-01628,2026-03-25,PROD-028,6.0,NORTH,113.5035974217362,681.0215845304172,Home Appliances,39,23,Alpha Logistics,12,4.26,0,A
ORD-01629,2026-03-10,PROD-007,6.0,EAST,432.8684473658473,2597.210684195084,Electronics,63,18,Alpha Logistics,16,2.59,0,B
ORD-01630,2026-02-03,PROD-005,1.0,NORTH,444.185783303472,444.185783303472,Office Supplies,240,20,Gamma Corp,8,0.58,0,B
ORD-01631,2026-01-06,PROD-011,9.0,NORTH,106.36025662694976,957.2423096425479,Office Supplies,194,58,Gamma Corp,8,0.71,0,A
ORD-01632,2026-02-22,PROD-013,2.0,NORTH,371.3387820276319,742.6775640552638,Office Supplies,55,76,Alpha Logistics,5,2.95,1,A
ORD-01633,2026-05-06,PROD-026,5.0,WEST,150.39457897429023,751.9728948714511,Home Appliances,96,59,Alpha Logistics,13,1.8,0,A
ORD-01634,2026-02-12,PROD-025,9.0,EAST,403.29375305293553,3629.64377747642,Apparel,57,29,Gamma Corp,7,2.98,0,A
ORD-01635,2026-04-25,PROD-019,4.0,NORTH,498.6465709527653,1994.586283811061,Apparel,171,67,Gamma Corp,5,0.87,0,B
ORD-01636,2026-04-21,PROD-023,3.0,WEST,24.71274261140248,74.13822783420744,Home Appliances,246,55,Beta Manufacturing,11,0.61,0,C
ORD-01637,2026-05-31,PROD-010,7.0,NORTH,449.7092742375567,3147.964919662897,Home Appliances,275,32,Beta Manufacturing,14,0.59,0,A
ORD-01638,2026-03-21,PROD-010,6.0,SOUTH,315.08896146334246,1890.5337687800547,Home Appliances,275,32,Beta Manufacturing,14,0.59,0,A
ORD-01639,2026-04-05,PROD-011,8.0,NORTH,486.9574833907624,3895.659867126099,Office Supplies,194,58,Gamma Corp,8,0.71,0,A
ORD-01640,2026-04-28,PROD-021,3.0,NORTH,237.85466358794952,713.5639907638486,Home Appliances,93,40,Alpha Logistics,8,1.61,0,A
ORD-01641,2026-05-24,PROD-030,5.0,WEST,425.22008597997313,2126.1004298998655,Apparel,85,22,Beta Manufacturing,2,1.85,0,A
ORD-01642,2026-01-08,PROD-007,4.0,EAST,40.57309361315585,162.2923744526234,Electronics,63,18,Alpha Logistics,16,2.59,0,B
ORD-01643,2026-05-12,PROD-018,4.0,EAST,174.2867345383649,697.1469381534596,Apparel,25,54,Gamma Corp,12,7.64,1,A
ORD-01644,2026-04-14,PROD-004,4.0,WEST,42.838103498092885,171.35241399237154,Office Supplies,257,16,Alpha Logistics,15,0.55,0,B
ORD-01645,2026-05-12,PROD-002,8.0,NORTH,487.9181354047446,3903.3450832379567,Apparel,165,64,Gamma Corp,2,1.32,0,A
ORD-01646,2026-01-25,PROD-014,6.0,SOUTH,410.3172145632,2461.9032873792003,Office Supplies,59,28,Gamma Corp,6,2.44,0,C
ORD-01647,2026-04-06,PROD-013,3.0,NORTH,427.7482364105255,1283.2447092315765,Office Supplies,55,76,Alpha Logistics,5,2.95,1,A
ORD-01648,2026-06-04,PROD-029,5.0,NORTH,469.60296340260817,2348.014817013041,Apparel,210,15,Gamma Corp,8,0.94,0,A
ORD-01649,2026-04-03,PROD-012,6.0,SOUTH,51.70070819869483,310.20424919216896,Office Supplies,179,48,Beta Manufacturing,18,1.24,0,A
ORD-01650,2026-06-09,PROD-007,5.0,WEST,198.9428203315333,994.7141016576666,Electronics,63,18,Alpha Logistics,16,2.59,0,B
ORD-01651,2026-06-27,PROD-002,6.0,NORTH,44.80709563156104,268.84257378936627,Apparel,165,64,Gamma Corp,2,1.32,0,A
ORD-01652,2026-03-02,PROD-013,8.0,EAST,113.28861975951402,906.3089580761122,Office Supplies,55,76,Alpha Logistics,5,2.95,1,A
ORD-01653,2026-05-02,PROD-014,7.0,SOUTH,122.38923074845944,856.7246152392161,Office Supplies,59,28,Gamma Corp,6,2.44,0,C
ORD-01654,2026-02-20,PROD-027,5.0,SOUTH,239.86253341331357,1199.3126670665679,Home Appliances,268,79,Gamma Corp,13,0.69,0,A
ORD-01655,2026-05-27,PROD-017,6.0,EAST,141.59546205228486,849.5727723137092,Apparel,139,76,Alpha Logistics,16,1.62,0,A
ORD-01656,2026-01-21,PROD-009,4.0,WEST,59.47927234070293,237.9170893628117,Office Supplies,192,77,Alpha Logistics,11,0.83,0,A
ORD-01657,2026-01-05,PROD-017,9.0,NORTH,271.9269444752069,2447.3425002768618,Apparel,139,76,Alpha Logistics,16,1.62,0,A
ORD-01658,2026-04-02,PROD-008,4.0,WEST,82.16502614052456,328.66010456209824,Electronics,174,68,Gamma Corp,16,0.91,0,A
ORD-01659,2026-06-19,PROD-002,1.0,NORTH,486.8076309770262,486.8076309770262,Apparel,165,64,Gamma Corp,2,1.32,0,A
ORD-01660,2026-03-02,PROD-028,7.0,NORTH,382.05332839005206,2674.3732987303642,Home Appliances,39,23,Alpha Logistics,12,4.26,0,A
ORD-01661,2026-01-22,PROD-024,7.0,SOUTH,484.20311798208536,3389.4218258745977,Apparel,269,43,Gamma Corp,14,0.69,0,A
ORD-01662,2026-05-29,PROD-013,4.0,NORTH,225.4728383888752,901.8913535555008,Office Supplies,55,76,Alpha Logistics,5,2.95,1,A
ORD-01663,2026-03-11,PROD-003,3.0,NORTH,146.40055601470172,439.2016680441052,Electronics,26,18,Gamma Corp,6,7.77,0,A
ORD-01664,2026-01-01,PROD-016,8.0,WEST,401.1636666325015,3209.309333060012,Electronics,135,29,Beta Manufacturing,14,0.9,0,C
ORD-01665,2026-05-13,PROD-006,5.0,SOUTH,169.86441984016193,849.3220992008096,Apparel,53,68,Gamma Corp,10,2.85,1,A
ORD-01666,2026-01-12,PROD-019,7.0,NORTH,156.69785311562066,1096.8849718093447,Apparel,171,67,Gamma Corp,5,0.87,0,B
ORD-01667,2026-03-31,PROD-030,4.0,NORTH,123.92793618183728,495.7117447273491,Apparel,85,22,Beta Manufacturing,2,1.85,0,A
ORD-01668,2026-02-15,PROD-007,4.0,SOUTH,73.54269932987532,294.1707973195013,Electronics,63,18,Alpha Logistics,16,2.59,0,B
ORD-01669,2026-02-03,PROD-010,8.0,EAST,135.66689989821532,1085.3351991857226,Home Appliances,275,32,Beta Manufacturing,14,0.59,0,A
ORD-01670,2026-06-26,PROD-009,8.0,SOUTH,184.10667675220495,1472.8534140176396,Office Supplies,192,77,Alpha Logistics,11,0.83,0,A
ORD-01671,2026-03-19,PROD-002,2.0,SOUTH,340.2571619914079,680.5143239828158,Apparel,165,64,Gamma Corp,2,1.32,0,A
ORD-01672,2026-02-14,PROD-028,2.0,NORTH,40.65677268753127,81.31354537506255,Home Appliances,39,23,Alpha Logistics,12,4.26,0,A
ORD-01673,2026-06-04,PROD-028,3.0,WEST,113.14840043601804,339.4452013080541,Home Appliances,39,23,Alpha Logistics,12,4.26,0,A
ORD-01674,2026-03-14,PROD-015,3.0,NORTH,406.4215837429214,1219.2647512287642,Apparel,248,62,Alpha Logistics,8,0.69,0,A
ORD-01675,2026-01-26,PROD-030,1.0,NORTH,81.99174255604767,81.99174255604767,Apparel,85,22,Beta Manufacturing,2,1.85,0,A
ORD-01676,2026-02-16,PROD-005,3.0,NORTH,177.89612179603554,533.6883653881066,Office Supplies,240,20,Gamma Corp,8,0.58,0,B
ORD-01677,2026-05-01,PROD-029,6.0,SOUTH,433.6828717104887,2602.0972302629325,Apparel,210,15,Gamma Corp,8,0.94,0,A
ORD-01678,2026-02-25,PROD-022,8.0,NORTH,85.9134024602869,687.3072196822952,Electronics,18,74,Gamma Corp,3,9.67,1,B
ORD-01679,2026-04-04,PROD-004,6.0,WEST,50.54104945291305,303.2462967174783,Office Supplies,257,16,Alpha Logistics,15,0.55,0,B
ORD-01680,2026-04-17,PROD-020,5.0,SOUTH,247.4236175892053,1237.1180879460264,Office Supplies,278,38,Beta Manufacturing,14,0.53,0,A
ORD-01681,2026-03-04,PROD-004,4.0,EAST,158.18556052648285,632.7422421059314,Office Supplies,257,16,Alpha Logistics,15,0.55,0,B
ORD-01682,2026-02-17,PROD-018,3.0,WEST,286.07009859708853,858.2102957912656,Apparel,25,54,Gamma Corp,12,7.64,1,A
ORD-01683,2026-03-02,PROD-004,4.0,SOUTH,403.8643963369028,1615.4575853476113,Office Supplies,257,16,Alpha Logistics,15,0.55,0,B
ORD-01684,2026-03-22,PROD-027,7.0,WEST,77.20275919484415,540.419314363909,Home Appliances,268,79,Gamma Corp,13,0.69,0,A
ORD-01685,2026-01-26,PROD-017,1.0,WEST,294.54255143159963,294.54255143159963,Apparel,139,76,Alpha Logistics,16,1.62,0,A
ORD-01686,2026-02-05,PROD-012,7.0,NORTH,257.6992925910333,1803.8950481372333,Office Supplies,179,48,Beta Manufacturing,18,1.24,0,A
ORD-01687,2026-01-01,PROD-022,1.0,WEST,80.59860514646779,80.59860514646779,Electronics,18,74,Gamma Corp,3,9.67,1,B
ORD-01688,2026-01-08,PROD-017,2.0,SOUTH,315.7592579092014,631.5185158184028,Apparel,139,76,Alpha Logistics,16,1.62,0,A
ORD-01689,2026-04-23,PROD-010,4.0,SOUTH,144.0838047517781,576.3352190071124,Home Appliances,275,32,Beta Manufacturing,14,0.59,0,A
ORD-01690,2026-04-09,PROD-022,1.0,NORTH,249.03881608656613,249.03881608656613,Electronics,18,74,Gamma Corp,3,9.67,1,B
ORD-01691,2026-06-29,PROD-001,9.0,WEST,50.31343889576032,452.8209500618429,Office Supplies,281,50,Gamma Corp,4,0.47,0,A
ORD-01692,2026-02-16,PROD-022,6.0,NORTH,235.1961880346753,1411.1771282080517,Electronics,18,74,Gamma Corp,3,9.67,1,B
ORD-01693,2026-05-07,PROD-026,1.0,WEST,160.16709934098196,160.16709934098196,Home Appliances,96,59,Alpha Logistics,13,1.8,0,A
ORD-01694,2026-02-25,PROD-024,1.0,EAST,412.9667934808237,412.9667934808237,Apparel,269,43,Gamma Corp,14,0.69,0,A
ORD-01695,2026-01-14,PROD-027,6.0,EAST,37.91957622871045,227.5174573722627,Home Appliances,268,79,Gamma Corp,13,0.69,0,A
ORD-01696,2026-01-28,PROD-018,4.0,NORTH,215.11756470998168,860.4702588399267,Apparel,25,54,Gamma Corp,12,7.64,1,A
ORD-01697,2026-03-19,PROD-018,4.0,NORTH,234.63139782440464,938.5255912976186,Apparel,25,54,Gamma Corp,12,7.64,1,A
ORD-01698,2026-05-10,PROD-014,6.0,NORTH,365.2529773865682,2191.5178643194095,Office Supplies,59,28,Gamma Corp,6,2.44,0,C
ORD-01699,2026-04-19,PROD-015,7.0,SOUTH,291.4009117942034,2039.8063825594238,Apparel,248,62,Alpha Logistics,8,0.69,0,A
ORD-01700,2026-06-03,PROD-029,9.0,SOUTH,336.93404522514874,3032.4064070263385,Apparel,210,15,Gamma Corp,8,0.94,0,A
ORD-01701,2026-01-14,PROD-012,5.0,SOUTH,390.7541499693605,1953.7707498468026,Office Supplies,179,48,Beta Manufacturing,18,1.24,0,A
ORD-01702,2026-02-25,PROD-004,9.0,NORTH,432.4794570925125,3892.3151138326125,Office Supplies,257,16,Alpha Logistics,15,0.55,0,B
ORD-01703,2026-04-25,PROD-027,4.0,WEST,163.79899339401055,655.1959735760422,Home Appliances,268,79,Gamma Corp,13,0.69,0,A
ORD-01704,2026-01-07,PROD-003,2.0,NORTH,273.6311256283125,547.262251256625,Electronics,26,18,Gamma Corp,6,7.77,0,A
ORD-01705,2026-01-03,PROD-020,3.0,SOUTH,421.652958435208,1264.9588753056241,Office Supplies,278,38,Beta Manufacturing,14,0.53,0,A
ORD-01706,2026-04-21,PROD-029,1.0,SOUTH,494.83105417287766,494.83105417287766,Apparel,210,15,Gamma Corp,8,0.94,0,A
ORD-01707,2026-05-31,PROD-012,6.0,NORTH,445.8644624114439,2675.1867744686633,Office Supplies,179,48,Beta Manufacturing,18,1.24,0,A
ORD-01708,2026-04-17,PROD-007,6.0,NORTH,192.01895868594465,1152.113752115668,Electronics,63,18,Alpha Logistics,16,2.59,0,B
ORD-01709,2026-01-18,PROD-029,1.0,SOUTH,105.6315934371387,105.6315934371387,Apparel,210,15,Gamma Corp,8,0.94,0,A
ORD-01710,2026-02-07,PROD-011,3.0,SOUTH,249.80234332922848,749.4070299876854,Office Supplies,194,58,Gamma Corp,8,0.71,0,A
ORD-01711,2026-04-25,PROD-001,5.0,SOUTH,373.4043113996607,1867.0215569983034,Office Supplies,281,50,Gamma Corp,4,0.47,0,A
ORD-01712,2026-01-15,PROD-006,3.0,NORTH,251.35884466911585,754.0765340073476,Apparel,53,68,Gamma Corp,10,2.85,1,A
ORD-01713,2026-04-29,PROD-015,3.0,WEST,246.7586230236976,740.2758690710928,Apparel,248,62,Alpha Logistics,8,0.69,0,A
ORD-01714,2026-01-28,PROD-015,3.0,SOUTH,420.7329063300823,1262.198718990247,Apparel,248,62,Alpha Logistics,8,0.69,0,A
ORD-01715,2026-02-08,PROD-019,5.0,SOUTH,187.0878517429213,935.4392587146065,Apparel,171,67,Gamma Corp,5,0.87,0,B
ORD-01716,2026-01-17,PROD-011,5.0,EAST,431.2993906577064,2156.496953288532,Office Supplies,194,58,Gamma Corp,8,0.71,0,A
ORD-01717,2026-03-27,PROD-026,4.0,NORTH,209.3343524663445,837.337409865378,Home Appliances,96,59,Alpha Logistics,13,1.8,0,A
ORD-01718,2026-05-06,PROD-023,1.0,EAST,170.83422178238632,170.83422178238632,Home Appliances,246,55,Beta Manufacturing,11,0.61,0,C
ORD-01719,2026-02-13,PROD-026,5.0,SOUTH,232.4550564878525,1162.2752824392624,Home Appliances,96,59,Alpha Logistics,13,1.8,0,A
ORD-01720,2026-01-25,PROD-002,5.0,NORTH,383.5990097506855,1917.9950487534277,Apparel,165,64,Gamma Corp,2,1.32,0,A
ORD-01721,2026-05-25,PROD-014,4.0,WEST,71.74099365335721,286.96397461342883,Office Supplies,59,28,Gamma Corp,6,2.44,0,C
ORD-01722,2026-01-13,PROD-002,6.0,SOUTH,106.24541577728851,637.4724946637311,Apparel,165,64,Gamma Corp,2,1.32,0,A
ORD-01723,2026-01-25,PROD-029,4.0,WEST,476.2079645749151,1904.8318582996603,Apparel,210,15,Gamma Corp,8,0.94,0,A
ORD-01724,2026-03-09,PROD-004,7.0,NORTH,95.99089741686512,671.9362819180559,Office Supplies,257,16,Alpha Logistics,15,0.55,0,B
ORD-01725,2026-05-18,PROD-017,7.0,EAST,288.1863857862168,2017.3047005035178,Apparel,139,76,Alpha Logistics,16,1.62,0,A
ORD-01726,2026-03-08,PROD-003,2.0,NORTH,293.86408866434954,587.7281773286991,Electronics,26,18,Gamma Corp,6,7.77,0,A
ORD-01727,2026-04-19,PROD-013,3.0,WEST,249.91598640462,749.74795921386,Office Supplies,55,76,Alpha Logistics,5,2.95,1,A
ORD-01728,2026-05-26,PROD-009,1.0,SOUTH,325.9251718026411,325.9251718026411,Office Supplies,192,77,Alpha Logistics,11,0.83,0,A
ORD-01729,2026-04-21,PROD-007,5.0,WEST,122.61509564083303,613.0754782041652,Electronics,63,18,Alpha Logistics,16,2.59,0,B
ORD-01730,2026-04-21,PROD-015,9.0,SOUTH,280.8045112106066,2527.2406008954595,Apparel,248,62,Alpha Logistics,8,0.69,0,A
ORD-01731,2026-02-03,PROD-023,4.0,SOUTH,192.3648950709796,769.4595802839184,Home Appliances,246,55,Beta Manufacturing,11,0.61,0,C
ORD-01732,2026-04-21,PROD-029,6.0,NORTH,334.21695721830264,2005.3017433098157,Apparel,210,15,Gamma Corp,8,0.94,0,A
ORD-01733,2026-01-08,PROD-029,9.0,WEST,79.19953625284323,712.7958262755891,Apparel,210,15,Gamma Corp,8,0.94,0,A
ORD-01734,2026-06-17,PROD-011,6.0,WEST,289.72993425134337,1738.3796055080602,Office Supplies,194,58,Gamma Corp,8,0.71,0,A
ORD-01735,2026-04-23,PROD-020,9.0,NORTH,100.7824741378286,907.0422672404574,Office Supplies,278,38,Beta Manufacturing,14,0.53,0,A
ORD-01736,2026-03-24,PROD-002,4.0,WEST,146.53510092636785,586.1404037054714,Apparel,165,64,Gamma Corp,2,1.32,0,A
ORD-01737,2026-02-11,PROD-015,8.0,SOUTH,117.1678021585558,937.3424172684464,Apparel,248,62,Alpha Logistics,8,0.69,0,A
ORD-01738,2026-06-18,PROD-014,9.0,WEST,99.5905121357204,896.3146092214836,Office Supplies,59,28,Gamma Corp,6,2.44,0,C
ORD-01739,2026-04-11,PROD-020,4.0,EAST,414.5983662647269,1658.3934650589076,Office Supplies,278,38,Beta Manufacturing,14,0.53,0,A
ORD-01740,2026-01-06,PROD-022,5.0,SOUTH,149.99670815383627,749.9835407691813,Electronics,18,74,Gamma Corp,3,9.67,1,B
ORD-01741,2026-06-29,PROD-011,8.0,NORTH,464.29065311358016,3714.3252249086413,Office Supplies,194,58,Gamma Corp,8,0.71,0,A
ORD-01742,2026-01-26,PROD-027,6.0,SOUTH,485.2639974191435,2911.583984514861,Home Appliances,268,79,Gamma Corp,13,0.69,0,A
ORD-01743,2026-03-05,PROD-003,7.0,EAST,289.9176302691777,2029.4234118842442,Electronics,26,18,Gamma Corp,6,7.77,0,A
ORD-01744,2026-02-28,PROD-017,3.0,SOUTH,80.07055010620593,240.21165031861779,Apparel,139,76,Alpha Logistics,16,1.62,0,A
ORD-01745,2026-04-19,PROD-030,7.0,NORTH,193.5286392559948,1354.7004747919636,Apparel,85,22,Beta Manufacturing,2,1.85,0,A
ORD-01746,2026-05-01,PROD-012,8.0,SOUTH,400.8888090406249,3207.110472324999,Office Supplies,179,48,Beta Manufacturing,18,1.24,0,A
ORD-01747,2026-02-02,PROD-024,6.0,NORTH,190.0214570615645,1140.128742369387,Apparel,269,43,Gamma Corp,14,0.69,0,A
ORD-01748,2026-05-30,PROD-028,9.0,SOUTH,52.63843696836648,473.7459327152983,Home Appliances,39,23,Alpha Logistics,12,4.26,0,A
ORD-01749,2026-01-21,PROD-029,6.0,NORTH,282.8246063548121,1696.9476381288725,Apparel,210,15,Gamma Corp,8,0.94,0,A
ORD-01750,2026-03-11,PROD-021,9.0,NORTH,424.10921723305705,3816.9829550975137,Home Appliances,93,40,Alpha Logistics,8,1.61,0,A
ORD-01751,2026-04-22,PROD-015,4.0,NORTH,400.0039297003162,1600.0157188012647,Apparel,248,62,Alpha Logistics,8,0.69,0,A
ORD-01752,2026-01-04,PROD-016,8.0,SOUTH,95.81033866387308,766.4827093109847,Electronics,135,29,Beta Manufacturing,14,0.9,0,C
ORD-01753,2026-04-04,PROD-005,4.0,WEST,339.6546610621087,1358.6186442484347,Office Supplies,240,20,Gamma Corp,8,0.58,0,B
ORD-01754,2026-03-16,PROD-027,2.0,NORTH,118.04708908346709,236.09417816693417,Home Appliances,268,79,Gamma Corp,13,0.69,0,A
ORD-01755,2026-03-03,PROD-020,9.0,SOUTH,116.9216919305644,1052.2952273750798,Office Supplies,278,38,Beta Manufacturing,14,0.53,0,A
ORD-01756,2026-04-04,PROD-006,5.0,WEST,438.2951689195408,2191.475844597704,Apparel,53,68,Gamma Corp,10,2.85,1,A
ORD-01757,2026-04-05,PROD-019,4.0,EAST,132.33778684271277,529.3511473708511,Apparel,171,67,Gamma Corp,5,0.87,0,B
ORD-01758,2026-06-01,PROD-025,2.0,NORTH,138.99119979382547,277.98239958765095,Apparel,57,29,Gamma Corp,7,2.98,0,A
ORD-01759,2026-02-24,PROD-005,1.0,WEST,10.320161473036782,10.320161473036782,Office Supplies,240,20,Gamma Corp,8,0.58,0,B
ORD-01760,2026-05-17,PROD-003,7.0,NORTH,436.62782672150365,3056.3947870505253,Electronics,26,18,Gamma Corp,6,7.77,0,A
ORD-01761,2026-05-11,PROD-027,6.0,WEST,398.371458472476,2390.228750834856,Home Appliances,268,79,Gamma Corp,13,0.69,0,A
ORD-01762,2026-01-31,PROD-001,2.0,EAST,317.3911781944322,634.7823563888644,Office Supplies,281,50,Gamma Corp,4,0.47,0,A
ORD-01763,2026-02-09,PROD-026,8.0,NORTH,377.6302243300327,3021.0417946402617,Home Appliances,96,59,Alpha Logistics,13,1.8,0,A
ORD-01764,2026-02-05,PROD-028,4.0,EAST,84.50379803800098,338.0151921520039,Home Appliances,39,23,Alpha Logistics,12,4.26,0,A
ORD-01765,2026-06-01,PROD-006,8.0,NORTH,234.578561347912,1876.628490783296,Apparel,53,68,Gamma Corp,10,2.85,1,A
ORD-01766,2026-01-06,PROD-015,7.0,NORTH,182.09749980090265,1274.6824986063186,Apparel,248,62,Alpha Logistics,8,0.69,0,A
ORD-01767,2026-03-07,PROD-002,5.0,NORTH,55.95049786593808,279.75248932969043,Apparel,165,64,Gamma Corp,2,1.32,0,A
ORD-01768,2026-03-16,PROD-029,8.0,SOUTH,248.2039377553128,1985.6315020425025,Apparel,210,15,Gamma Corp,8,0.94,0,A
ORD-01769,2026-01-04,PROD-003,9.0,EAST,461.1624286678913,4150.461858011022,Electronics,26,18,Gamma Corp,6,7.77,0,A
ORD-01770,2026-03-20,PROD-017,5.0,WEST,29.62896833484029,148.14484167420144,Apparel,139,76,Alpha Logistics,16,1.62,0,A
ORD-01771,2026-05-14,PROD-025,5.0,EAST,152.815847611959,764.079238059795,Apparel,57,29,Gamma Corp,7,2.98,0,A
ORD-01772,2026-04-28,PROD-024,2.0,NORTH,111.69505874079468,223.39011748158936,Apparel,269,43,Gamma Corp,14,0.69,0,A
ORD-01773,2026-04-23,PROD-012,5.0,NORTH,126.6918602961912,633.459301480956,Office Supplies,179,48,Beta Manufacturing,18,1.24,0,A
ORD-01774,2026-04-04,PROD-018,3.0,NORTH,455.1329304208939,1365.3987912626817,Apparel,25,54,Gamma Corp,12,7.64,1,A
ORD-01775,2026-06-28,PROD-015,7.0,SOUTH,239.35383657480216,1675.476856023615,Apparel,248,62,Alpha Logistics,8,0.69,0,A
ORD-01776,2026-03-03,PROD-012,5.0,SOUTH,238.4867123405112,1192.4335617025558,Office Supplies,179,48,Beta Manufacturing,18,1.24,0,A
ORD-01777,2026-03-20,PROD-016,8.0,WEST,382.68206480308834,3061.4565184247067,Electronics,135,29,Beta Manufacturing,14,0.9,0,C
ORD-01778,2026-05-16,PROD-027,1.0,NORTH,85.70117996241365,85.70117996241365,Home Appliances,268,79,Gamma Corp,13,0.69,0,A
ORD-01779,2026-01-26,PROD-008,5.0,WEST,248.76002350902488,1243.8001175451243,Electronics,174,68,Gamma Corp,16,0.91,0,A
ORD-01780,2026-06-28,PROD-028,3.0,WEST,220.69275491931927,662.0782647579579,Home Appliances,39,23,Alpha Logistics,12,4.26,0,A
ORD-01781,2026-06-22,PROD-014,9.0,SOUTH,302.4862383678615,2722.3761453107536,Office Supplies,59,28,Gamma Corp,6,2.44,0,C
ORD-01782,2026-02-13,PROD-025,5.0,WEST,499.7832745927149,2498.9163729635748,Apparel,57,29,Gamma Corp,7,2.98,0,A
ORD-01783,2026-05-13,PROD-017,9.0,SOUTH,387.0299581002031,3483.269622901828,Apparel,139,76,Alpha Logistics,16,1.62,0,A
ORD-01784,2026-03-11,PROD-029,9.0,NORTH,204.9541944785393,1844.5877503068536,Apparel,210,15,Gamma Corp,8,0.94,0,A
ORD-01785,2026-06-03,PROD-021,1.0,NORTH,415.500995614283,415.500995614283,Home Appliances,93,40,Alpha Logistics,8,1.61,0,A
ORD-01786,2026-04-28,PROD-008,2.0,WEST,93.64709802311528,187.29419604623055,Electronics,174,68,Gamma Corp,16,0.91,0,A
ORD-01787,2026-03-09,PROD-015,5.0,SOUTH,24.927206291390466,124.63603145695232,Apparel,248,62,Alpha Logistics,8,0.69,0,A
ORD-01788,2026-01-19,PROD-027,4.0,EAST,110.1797025074938,440.7188100299752,Home Appliances,268,79,Gamma Corp,13,0.69,0,A
ORD-01789,2026-01-20,PROD-014,9.0,WEST,176.80166249598724,1591.2149624638853,Office Supplies,59,28,Gamma Corp,6,2.44,0,C
ORD-01790,2026-04-23,PROD-018,7.0,SOUTH,260.1845711551844,1821.291998086291,Apparel,25,54,Gamma Corp,12,7.64,1,A
ORD-01791,2026-05-20,PROD-020,6.0,NORTH,311.4132788651879,1868.4796731911274,Office Supplies,278,38,Beta Manufacturing,14,0.53,0,A
ORD-01792,2026-02-16,PROD-007,7.0,NORTH,456.1968014350667,3193.3776100454666,Electronics,63,18,Alpha Logistics,16,2.59,0,B
ORD-01793,2026-01-01,PROD-003,1.0,EAST,259.8284646797242,259.8284646797242,Electronics,26,18,Gamma Corp,6,7.77,0,A
ORD-01794,2026-03-31,PROD-029,1.0,SOUTH,255.6250658666074,255.6250658666074,Apparel,210,15,Gamma Corp,8,0.94,0,A
ORD-01795,2026-05-22,PROD-012,8.0,WEST,34.61907481326125,276.95259850609,Office Supplies,179,48,Beta Manufacturing,18,1.24,0,A
ORD-01796,2026-03-05,PROD-021,2.0,SOUTH,27.106660801549666,54.21332160309933,Home Appliances,93,40,Alpha Logistics,8,1.61,0,A
ORD-01797,2026-02-07,PROD-024,9.0,NORTH,280.0683813390223,2520.615432051201,Apparel,269,43,Gamma Corp,14,0.69,0,A
ORD-01798,2026-02-06,PROD-028,7.0,SOUTH,224.7075204916888,1572.9526434418217,Home Appliances,39,23,Alpha Logistics,12,4.26,0,A
ORD-01799,2026-05-06,PROD-026,6.0,NORTH,421.19839354034633,2527.190361242078,Home Appliances,96,59,Alpha Logistics,13,1.8,0,A
ORD-01800,2026-05-19,PROD-003,1.0,SOUTH,88.73299650880413,88.73299650880413,Electronics,26,18,Gamma Corp,6,7.77,0,A
ORD-01801,2026-04-10,PROD-020,1.0,EAST,22.236114437354303,22.236114437354303,Office Supplies,278,38,Beta Manufacturing,14,0.53,0,A
ORD-01802,2026-03-18,PROD-014,2.0,NORTH,230.02899628576168,460.05799257152336,Office Supplies,59,28,Gamma Corp,6,2.44,0,C
ORD-01803,2026-01-03,PROD-015,6.0,EAST,126.36449280860616,758.186956851637,Apparel,248,62,Alpha Logistics,8,0.69,0,A
ORD-01804,2026-06-10,PROD-025,6.0,EAST,34.31104293603035,205.86625761618208,Apparel,57,29,Gamma Corp,7,2.98,0,A
ORD-01805,2026-05-14,PROD-030,2.0,NORTH,365.0531605553382,730.1063211106764,Apparel,85,22,Beta Manufacturing,2,1.85,0,A
ORD-01806,2026-06-27,PROD-014,1.0,NORTH,64.68056997905126,64.68056997905126,Office Supplies,59,28,Gamma Corp,6,2.44,0,C
ORD-01807,2026-01-10,PROD-007,5.0,WEST,308.0765550038081,1540.3827750190405,Electronics,63,18,Alpha Logistics,16,2.59,0,B
ORD-01808,2026-01-05,PROD-017,5.0,WEST,147.7143775817757,738.5718879088785,Apparel,139,76,Alpha Logistics,16,1.62,0,A
ORD-01809,2026-05-31,PROD-030,2.0,EAST,95.0130646739608,190.0261293479216,Apparel,85,22,Beta Manufacturing,2,1.85,0,A
ORD-01810,2026-05-18,PROD-012,6.0,EAST,196.0782462304656,1176.4694773827937,Office Supplies,179,48,Beta Manufacturing,18,1.24,0,A
ORD-01811,2026-06-21,PROD-020,9.0,NORTH,402.7084303492473,3624.375873143226,Office Supplies,278,38,Beta Manufacturing,14,0.53,0,A
ORD-01812,2026-05-10,PROD-004,2.0,NORTH,202.12585268324065,404.2517053664813,Office Supplies,257,16,Alpha Logistics,15,0.55,0,B
ORD-01813,2026-01-13,PROD-009,2.0,WEST,377.8771281134173,755.7542562268346,Office Supplies,192,77,Alpha Logistics,11,0.83,0,A
ORD-01814,2026-06-17,PROD-006,3.0,SOUTH,71.48828543158385,214.46485629475154,Apparel,53,68,Gamma Corp,10,2.85,1,A
ORD-01815,2026-05-10,PROD-016,7.0,SOUTH,388.6579956358888,2720.605969451222,Electronics,135,29,Beta Manufacturing,14,0.9,0,C
ORD-01816,2026-03-25,PROD-025,6.0,WEST,126.09732920425785,756.5839752255471,Apparel,57,29,Gamma Corp,7,2.98,0,A
ORD-01817,2026-03-06,PROD-028,8.0,NORTH,341.92263364554765,2735.381069164381,Home Appliances,39,23,Alpha Logistics,12,4.26,0,A
ORD-01818,2026-03-04,PROD-022,8.0,NORTH,287.2329618720882,2297.8636949767056,Electronics,18,74,Gamma Corp,3,9.67,1,B
ORD-01819,2026-04-11,PROD-022,6.0,SOUTH,465.2809114337268,2791.6854686023607,Electronics,18,74,Gamma Corp,3,9.67,1,B
ORD-01820,2026-03-14,PROD-021,3.0,SOUTH,199.78803380790387,599.3641014237116,Home Appliances,93,40,Alpha Logistics,8,1.61,0,A
ORD-01821,2026-01-17,PROD-021,3.0,SOUTH,42.42094252887582,127.26282758662745,Home Appliances,93,40,Alpha Logistics,8,1.61,0,A
ORD-01822,2026-01-09,PROD-002,1.0,NORTH,19.38618792011392,19.38618792011392,Apparel,165,64,Gamma Corp,2,1.32,0,A
ORD-01823,2026-05-23,PROD-024,7.0,SOUTH,415.160694876649,2906.1248641365432,Apparel,269,43,Gamma Corp,14,0.69,0,A
ORD-01824,2026-06-01,PROD-008,5.0,NORTH,267.12046245410176,1335.6023122705087,Electronics,174,68,Gamma Corp,16,0.91,0,A
ORD-01825,2026-02-07,PROD-011,4.0,WEST,389.8695853991251,1559.4783415965005,Office Supplies,194,58,Gamma Corp,8,0.71,0,A
ORD-01826,2026-06-12,PROD-013,4.0,WEST,124.8685440056422,499.4741760225688,Office Supplies,55,76,Alpha Logistics,5,2.95,1,A
ORD-01827,2026-04-04,PROD-017,4.0,NORTH,179.09103530148454,716.3641412059382,Apparel,139,76,Alpha Logistics,16,1.62,0,A
ORD-01828,2026-04-05,PROD-008,6.0,EAST,24.75089738354628,148.50538430127767,Electronics,174,68,Gamma Corp,16,0.91,0,A
ORD-01829,2026-02-18,PROD-021,8.0,SOUTH,481.131239041315,3849.04991233052,Home Appliances,93,40,Alpha Logistics,8,1.61,0,A
ORD-01830,2026-03-10,PROD-018,8.0,NORTH,337.2552742833986,2698.0421942671887,Apparel,25,54,Gamma Corp,12,7.64,1,A
ORD-01831,2026-03-03,PROD-030,5.0,SOUTH,247.80161608267827,1239.0080804133913,Apparel,85,22,Beta Manufacturing,2,1.85,0,A
ORD-01832,2026-06-27,PROD-018,6.0,SOUTH,140.09323964024543,840.5594378414726,Apparel,25,54,Gamma Corp,12,7.64,1,A
ORD-01833,2026-03-19,PROD-014,4.0,EAST,309.6171695005738,1238.4686780022953,Office Supplies,59,28,Gamma Corp,6,2.44,0,C
ORD-01834,2026-04-27,PROD-015,9.0,SOUTH,342.4649844633925,3082.1848601705324,Apparel,248,62,Alpha Logistics,8,0.69,0,A
ORD-01835,2026-04-30,PROD-006,8.0,NORTH,165.59935312621835,1324.7948250097468,Apparel,53,68,Gamma Corp,10,2.85,1,A
ORD-01836,2026-05-17,PROD-011,1.0,SOUTH,425.5735251576587,425.5735251576587,Office Supplies,194,58,Gamma Corp,8,0.71,0,A
ORD-01837,2026-06-11,PROD-013,2.0,NORTH,474.1091168211215,948.218233642243,Office Supplies,55,76,Alpha Logistics,5,2.95,1,A
ORD-01838,2026-03-17,PROD-025,9.0,SOUTH,443.5790076710421,3992.2110690393793,Apparel,57,29,Gamma Corp,7,2.98,0,A
ORD-01839,2026-02-04,PROD-001,5.0,NORTH,372.14281821029255,1860.7140910514627,Office Supplies,281,50,Gamma Corp,4,0.47,0,A
ORD-01840,2026-01-01,PROD-028,3.0,SOUTH,145.9576930652275,437.87307919568246,Home Appliances,39,23,Alpha Logistics,12,4.26,0,A
ORD-01841,2026-02-09,PROD-006,8.0,SOUTH,147.99186063175955,1183.9348850540764,Apparel,53,68,Gamma Corp,10,2.85,1,A
ORD-01842,2026-03-05,PROD-009,1.0,SOUTH,482.0465570185586,482.0465570185586,Office Supplies,192,77,Alpha Logistics,11,0.83,0,A
ORD-01843,2026-05-30,PROD-008,4.0,SOUTH,15.039403008489094,60.157612033956376,Electronics,174,68,Gamma Corp,16,0.91,0,A
ORD-01844,2026-03-01,PROD-011,3.0,SOUTH,360.8644868886508,1082.5934606659523,Office Supplies,194,58,Gamma Corp,8,0.71,0,A
ORD-01845,2026-03-05,PROD-022,6.0,SOUTH,356.06061965207846,2136.3637179124707,Electronics,18,74,Gamma Corp,3,9.67,1,B
ORD-01846,2026-04-03,PROD-019,7.0,SOUTH,315.1178750654008,2205.825125457806,Apparel,171,67,Gamma Corp,5,0.87,0,B
ORD-01847,2026-03-13,PROD-024,4.0,SOUTH,495.1533345825642,1980.6133383302567,Apparel,269,43,Gamma Corp,14,0.69,0,A
ORD-01848,2026-01-11,PROD-009,7.0,SOUTH,254.47609693688892,1781.3326785582224,Office Supplies,192,77,Alpha Logistics,11,0.83,0,A
ORD-01849,2026-04-15,PROD-017,9.0,NORTH,176.5862132586916,1589.2759193282245,Apparel,139,76,Alpha Logistics,16,1.62,0,A
ORD-01850,2026-01-14,PROD-012,2.0,SOUTH,48.68030744381222,97.36061488762444,Office Supplies,179,48,Beta Manufacturing,18,1.24,0,A
ORD-01851,2026-03-01,PROD-025,3.0,EAST,226.9710869064313,680.9132607192939,Apparel,57,29,Gamma Corp,7,2.98,0,A
ORD-01852,2026-01-30,PROD-014,5.0,SOUTH,137.91377785507558,689.5688892753778,Office Supplies,59,28,Gamma Corp,6,2.44,0,C
ORD-01853,2026-02-04,PROD-015,3.0,SOUTH,178.25948406704566,534.778452201137,Apparel,248,62,Alpha Logistics,8,0.69,0,A
ORD-01854,2026-06-14,PROD-016,8.0,NORTH,418.9401772252576,3351.521417802061,Electronics,135,29,Beta Manufacturing,14,0.9,0,C
ORD-01855,2026-01-05,PROD-022,8.0,WEST,221.89720354211627,1775.1776283369302,Electronics,18,74,Gamma Corp,3,9.67,1,B
ORD-01856,2026-03-24,PROD-022,8.0,NORTH,101.00920528254096,808.0736422603277,Electronics,18,74,Gamma Corp,3,9.67,1,B
ORD-01857,2026-05-03,PROD-028,9.0,EAST,192.52937646119827,1732.7643881507845,Home Appliances,39,23,Alpha Logistics,12,4.26,0,A
ORD-01858,2026-03-19,PROD-020,4.0,WEST,465.0289754365431,1860.1159017461723,Office Supplies,278,38,Beta Manufacturing,14,0.53,0,A
ORD-01859,2026-06-03,PROD-001,5.0,NORTH,40.28614573771909,201.43072868859545,Office Supplies,281,50,Gamma Corp,4,0.47,0,A
ORD-01860,2026-03-03,PROD-010,5.0,NORTH,55.25665877457547,276.2832938728774,Home Appliances,275,32,Beta Manufacturing,14,0.59,0,A
ORD-01861,2026-05-12,PROD-008,8.0,EAST,89.7675847110524,718.1406776884191,Electronics,174,68,Gamma Corp,16,0.91,0,A
ORD-01862,2026-03-30,PROD-018,7.0,NORTH,301.65428872216864,2111.5800210551806,Apparel,25,54,Gamma Corp,12,7.64,1,A
ORD-01863,2026-02-11,PROD-028,9.0,SOUTH,83.73141279293876,753.5827151364488,Home Appliances,39,23,Alpha Logistics,12,4.26,0,A
ORD-01864,2026-03-30,PROD-001,8.0,EAST,484.3574269108594,3874.859415286875,Office Supplies,281,50,Gamma Corp,4,0.47,0,A
ORD-01865,2026-05-26,PROD-002,2.0,WEST,228.89011835667495,457.7802367133499,Apparel,165,64,Gamma Corp,2,1.32,0,A
ORD-01866,2026-02-09,PROD-001,4.0,WEST,255.74380057158152,1022.9752022863261,Office Supplies,281,50,Gamma Corp,4,0.47,0,A
ORD-01867,2026-03-13,PROD-001,6.0,SOUTH,130.86272174464918,785.176330467895,Office Supplies,281,50,Gamma Corp,4,0.47,0,A
ORD-01868,2026-02-08,PROD-009,2.0,NORTH,240.7705236930194,481.5410473860388,Office Supplies,192,77,Alpha Logistics,11,0.83,0,A
ORD-01869,2026-04-14,PROD-013,7.0,WEST,334.33767999213563,2340.3637599449494,Office Supplies,55,76,Alpha Logistics,5,2.95,1,A
ORD-01870,2026-01-14,PROD-030,3.0,EAST,378.07679710748096,1134.2303913224428,Apparel,85,22,Beta Manufacturing,2,1.85,0,A
ORD-01871,2026-02-01,PROD-001,3.0,WEST,379.39536052785735,1138.186081583572,Office Supplies,281,50,Gamma Corp,4,0.47,0,A
ORD-01872,2026-06-28,PROD-013,2.0,EAST,293.1666452201033,586.3332904402066,Office Supplies,55,76,Alpha Logistics,5,2.95,1,A
ORD-01873,2026-05-05,PROD-020,8.0,SOUTH,453.13628974699,3625.09031797592,Office Supplies,278,38,Beta Manufacturing,14,0.53,0,A
ORD-01874,2026-06-15,PROD-026,6.0,SOUTH,410.5298451799936,2463.1790710799614,Home Appliances,96,59,Alpha Logistics,13,1.8,0,A
ORD-01875,2026-04-07,PROD-022,1.0,NORTH,380.9535762023265,380.9535762023265,Electronics,18,74,Gamma Corp,3,9.67,1,B
ORD-01876,2026-01-23,PROD-007,1.0,WEST,37.2467056234257,37.2467056234257,Electronics,63,18,Alpha Logistics,16,2.59,0,B
ORD-01877,2026-03-04,PROD-002,7.0,EAST,245.0477190854891,1715.3340335984237,Apparel,165,64,Gamma Corp,2,1.32,0,A
ORD-01878,2026-05-23,PROD-006,8.0,NORTH,114.09916582578175,912.793326606254,Apparel,53,68,Gamma Corp,10,2.85,1,A
ORD-01879,2026-06-02,PROD-007,5.0,NORTH,335.1265610175916,1675.6328050879579,Electronics,63,18,Alpha Logistics,16,2.59,0,B
ORD-01880,2026-05-25,PROD-026,5.0,SOUTH,211.48676955244744,1057.4338477622373,Home Appliances,96,59,Alpha Logistics,13,1.8,0,A
ORD-01881,2026-02-22,PROD-014,4.0,EAST,207.17906705666277,828.7162682266511,Office Supplies,59,28,Gamma Corp,6,2.44,0,C
ORD-01882,2026-04-14,PROD-026,6.0,SOUTH,443.4475752325107,2660.6854513950643,Home Appliances,96,59,Alpha Logistics,13,1.8,0,A
ORD-01883,2026-04-14,PROD-018,6.0,SOUTH,448.825795584601,2692.9547735076058,Apparel,25,54,Gamma Corp,12,7.64,1,A
ORD-01884,2026-06-28,PROD-015,3.0,SOUTH,455.495879386257,1366.487638158771,Apparel,248,62,Alpha Logistics,8,0.69,0,A
ORD-01885,2026-02-08,PROD-002,9.0,SOUTH,163.8002574923634,1474.2023174312706,Apparel,165,64,Gamma Corp,2,1.32,0,A
ORD-01886,2026-06-28,PROD-010,7.0,SOUTH,348.6173482422383,2440.321437695668,Home Appliances,275,32,Beta Manufacturing,14,0.59,0,A
ORD-01887,2026-05-14,PROD-023,1.0,WEST,143.1002588244411,143.1002588244411,Home Appliances,246,55,Beta Manufacturing,11,0.61,0,C
ORD-01888,2026-03-08,PROD-012,7.0,WEST,103.3988182064804,723.7917274453628,Office Supplies,179,48,Beta Manufacturing,18,1.24,0,A
ORD-01889,2026-05-15,PROD-017,5.0,EAST,100.46990410021093,502.3495205010546,Apparel,139,76,Alpha Logistics,16,1.62,0,A
ORD-01890,2026-06-28,PROD-008,5.0,NORTH,177.6327342231611,888.1636711158055,Electronics,174,68,Gamma Corp,16,0.91,0,A
ORD-01891,2026-02-11,PROD-011,2.0,EAST,220.67923369211263,441.35846738422526,Office Supplies,194,58,Gamma Corp,8,0.71,0,A
ORD-01892,2026-01-15,PROD-029,4.0,NORTH,417.16509381698353,1668.6603752679341,Apparel,210,15,Gamma Corp,8,0.94,0,A
ORD-01893,2026-04-21,PROD-003,6.0,SOUTH,68.74663580162893,412.47981480977353,Electronics,26,18,Gamma Corp,6,7.77,0,A
ORD-01894,2026-06-06,PROD-027,7.0,NORTH,370.1136652234982,2590.795656564487,Home Appliances,268,79,Gamma Corp,13,0.69,0,A
ORD-01895,2026-02-02,PROD-006,5.0,EAST,270.4129079527596,1352.0645397637982,Apparel,53,68,Gamma Corp,10,2.85,1,A
ORD-01896,2026-06-04,PROD-009,9.0,EAST,151.0932179112363,1359.8389612011267,Office Supplies,192,77,Alpha Logistics,11,0.83,0,A
ORD-01897,2026-06-13,PROD-006,3.0,NORTH,251.48159642108405,754.4447892632521,Apparel,53,68,Gamma Corp,10,2.85,1,A
ORD-01898,2026-06-06,PROD-009,1.0,SOUTH,156.9716141907411,156.9716141907411,Office Supplies,192,77,Alpha Logistics,11,0.83,0,A
ORD-01899,2026-02-07,PROD-007,4.0,SOUTH,302.0801580667699,1208.3206322670796,Electronics,63,18,Alpha Logistics,16,2.59,0,B
ORD-01900,2026-04-07,PROD-009,9.0,NORTH,222.58352219906965,2003.2516997916268,Office Supplies,192,77,Alpha Logistics,11,0.83,0,A
ORD-01901,2026-06-04,PROD-018,4.0,SOUTH,90.55870924865056,362.23483699460223,Apparel,25,54,Gamma Corp,12,7.64,1,A
ORD-01902,2026-02-02,PROD-012,2.0,SOUTH,67.12570653229139,134.25141306458278,Office Supplies,179,48,Beta Manufacturing,18,1.24,0,A
ORD-01903,2026-03-27,PROD-008,5.0,WEST,277.88088421534377,1389.4044210767188,Electronics,174,68,Gamma Corp,16,0.91,0,A
ORD-01904,2026-03-07,PROD-008,3.0,SOUTH,452.1823863101907,1356.547158930572,Electronics,174,68,Gamma Corp,16,0.91,0,A
ORD-01905,2026-01-10,PROD-018,9.0,NORTH,178.53926641326592,1606.8533977193933,Apparel,25,54,Gamma Corp,12,7.64,1,A
ORD-01906,2026-01-05,PROD-028,4.0,EAST,369.17005253908536,1476.6802101563414,Home Appliances,39,23,Alpha Logistics,12,4.26,0,A
ORD-01907,2026-05-03,PROD-030,6.0,NORTH,332.7440639204858,1996.4643835229149,Apparel,85,22,Beta Manufacturing,2,1.85,0,A
ORD-01908,2026-03-15,PROD-020,2.0,EAST,466.4619080116457,932.9238160232914,Office Supplies,278,38,Beta Manufacturing,14,0.53,0,A
ORD-01909,2026-04-07,PROD-030,6.0,WEST,412.280698476579,2473.6841908594743,Apparel,85,22,Beta Manufacturing,2,1.85,0,A
ORD-01910,2026-04-28,PROD-015,3.0,SOUTH,287.63657686367685,862.9097305910306,Apparel,248,62,Alpha Logistics,8,0.69,0,A
ORD-01911,2026-02-07,PROD-027,9.0,SOUTH,331.94494413471256,2987.504497212413,Home Appliances,268,79,Gamma Corp,13,0.69,0,A
ORD-01912,2026-05-21,PROD-007,2.0,NORTH,450.2093686261771,900.4187372523542,Electronics,63,18,Alpha Logistics,16,2.59,0,B
ORD-01913,2026-06-08,PROD-011,9.0,SOUTH,205.76420444759805,1851.8778400283825,Office Supplies,194,58,Gamma Corp,8,0.71,0,A
ORD-01914,2026-02-16,PROD-020,5.0,WEST,170.1294058703109,850.6470293515545,Office Supplies,278,38,Beta Manufacturing,14,0.53,0,A
ORD-01915,2026-04-19,PROD-016,8.0,NORTH,15.297430981246206,122.37944784996965,Electronics,135,29,Beta Manufacturing,14,0.9,0,C
ORD-01916,2026-06-29,PROD-004,2.0,NORTH,415.0100263538175,830.020052707635,Office Supplies,257,16,Alpha Logistics,15,0.55,0,B
ORD-01917,2026-01-15,PROD-006,6.0,SOUTH,402.4805431976488,2414.8832591858927,Apparel,53,68,Gamma Corp,10,2.85,1,A
ORD-01918,2026-06-06,PROD-026,3.0,WEST,61.18271386907418,183.54814160722253,Home Appliances,96,59,Alpha Logistics,13,1.8,0,A
ORD-01919,2026-05-16,PROD-022,5.0,NORTH,292.6601167550231,1463.3005837751157,Electronics,18,74,Gamma Corp,3,9.67,1,B
ORD-01920,2026-01-05,PROD-026,8.0,WEST,237.3510321017748,1898.8082568141983,Home Appliances,96,59,Alpha Logistics,13,1.8,0,A
ORD-01921,2026-06-06,PROD-003,1.0,WEST,68.16745679946462,68.16745679946462,Electronics,26,18,Gamma Corp,6,7.77,0,A
ORD-01922,2026-02-16,PROD-009,5.0,SOUTH,490.4784312597545,2452.3921562987725,Office Supplies,192,77,Alpha Logistics,11,0.83,0,A
ORD-01923,2026-03-09,PROD-028,3.0,EAST,115.20098485704416,345.6029545711325,Home Appliances,39,23,Alpha Logistics,12,4.26,0,A
ORD-01924,2026-03-17,PROD-010,4.0,NORTH,283.6630640601043,1134.6522562404173,Home Appliances,275,32,Beta Manufacturing,14,0.59,0,A
ORD-01925,2026-06-22,PROD-014,2.0,SOUTH,301.4752159559357,602.9504319118714,Office Supplies,59,28,Gamma Corp,6,2.44,0,C
ORD-01926,2026-05-10,PROD-011,9.0,WEST,372.044671795186,3348.402046156674,Office Supplies,194,58,Gamma Corp,8,0.71,0,A
ORD-01927,2026-06-04,PROD-018,5.0,SOUTH,25.897288563121613,129.48644281560806,Apparel,25,54,Gamma Corp,12,7.64,1,A
ORD-01928,2026-04-05,PROD-022,2.0,EAST,332.77164297624086,665.5432859524817,Electronics,18,74,Gamma Corp,3,9.67,1,B
ORD-01929,2026-04-25,PROD-012,9.0,SOUTH,270.8230192162127,2437.407172945914,Office Supplies,179,48,Beta Manufacturing,18,1.24,0,A
ORD-01930,2026-06-13,PROD-023,7.0,NORTH,60.599854348773725,424.1989804414161,Home Appliances,246,55,Beta Manufacturing,11,0.61,0,C
ORD-01931,2026-02-05,PROD-012,6.0,EAST,94.53669970371742,567.2201982223045,Office Supplies,179,48,Beta Manufacturing,18,1.24,0,A
ORD-01932,2026-01-26,PROD-013,1.0,NORTH,288.3074056848794,288.3074056848794,Office Supplies,55,76,Alpha Logistics,5,2.95,1,A
ORD-01933,2026-02-12,PROD-025,5.0,NORTH,155.2152306215113,776.0761531075565,Apparel,57,29,Gamma Corp,7,2.98,0,A
ORD-01934,2026-01-27,PROD-013,3.0,EAST,469.77470703914486,1409.3241211174345,Office Supplies,55,76,Alpha Logistics,5,2.95,1,A
ORD-01935,2026-03-10,PROD-019,1.0,WEST,411.1827124471849,411.1827124471849,Apparel,171,67,Gamma Corp,5,0.87,0,B
ORD-01936,2026-05-28,PROD-026,4.0,NORTH,491.94793119169486,1967.7917247667795,Home Appliances,96,59,Alpha Logistics,13,1.8,0,A
ORD-01937,2026-01-11,PROD-019,2.0,NORTH,137.23871108570285,274.4774221714057,Apparel,171,67,Gamma Corp,5,0.87,0,B
ORD-01938,2026-03-15,PROD-023,2.0,SOUTH,485.1645800710088,970.3291601420176,Home Appliances,246,55,Beta Manufacturing,11,0.61,0,C
ORD-01939,2026-04-14,PROD-014,3.0,WEST,221.30459619786336,663.9137885935901,Office Supplies,59,28,Gamma Corp,6,2.44,0,C
ORD-01940,2026-02-07,PROD-004,8.0,NORTH,180.28420970373975,1442.273677629918,Office Supplies,257,16,Alpha Logistics,15,0.55,0,B
ORD-01941,2026-05-14,PROD-013,8.0,SOUTH,34.67126821498309,277.3701457198647,Office Supplies,55,76,Alpha Logistics,5,2.95,1,A
ORD-01942,2026-01-23,PROD-008,7.0,EAST,35.85497635120528,250.98483445843698,Electronics,174,68,Gamma Corp,16,0.91,0,A
ORD-01943,2026-02-16,PROD-029,6.0,SOUTH,349.0855154138608,2094.5130924831647,Apparel,210,15,Gamma Corp,8,0.94,0,A
ORD-01944,2026-03-31,PROD-023,9.0,EAST,234.38520727267368,2109.4668654540633,Home Appliances,246,55,Beta Manufacturing,11,0.61,0,C
ORD-01945,2026-02-15,PROD-021,4.0,NORTH,120.9955967576918,483.9823870307672,Home Appliances,93,40,Alpha Logistics,8,1.61,0,A
ORD-01946,2026-04-17,PROD-023,1.0,NORTH,310.845450099364,310.845450099364,Home Appliances,246,55,Beta Manufacturing,11,0.61,0,C
ORD-01947,2026-05-20,PROD-019,8.0,NORTH,133.90047794255446,1071.2038235404357,Apparel,171,67,Gamma Corp,5,0.87,0,B
ORD-01948,2026-05-21,PROD-012,7.0,NORTH,293.03955962876705,2051.2769174013692,Office Supplies,179,48,Beta Manufacturing,18,1.24,0,A
ORD-01949,2026-04-14,PROD-018,7.0,EAST,186.01228602151824,1302.0860021506276,Apparel,25,54,Gamma Corp,12,7.64,1,A
ORD-01950,2026-04-21,PROD-006,3.0,WEST,413.5405910397913,1240.621773119374,Apparel,53,68,Gamma Corp,10,2.85,1,A
ORD-01951,2026-04-14,PROD-018,4.0,WEST,412.14111877572185,1648.5644751028874,Apparel,25,54,Gamma Corp,12,7.64,1,A
ORD-01952,2026-03-01,PROD-019,9.0,NORTH,243.90169507997663,2195.1152557197897,Apparel,171,67,Gamma Corp,5,0.87,0,B
ORD-01953,2026-06-20,PROD-022,6.0,SOUTH,181.90136357415764,1091.408181444946,Electronics,18,74,Gamma Corp,3,9.67,1,B
ORD-01954,2026-04-10,PROD-005,5.0,EAST,187.65430031395636,938.2715015697818,Office Supplies,240,20,Gamma Corp,8,0.58,0,B
ORD-01955,2026-03-09,PROD-024,3.0,EAST,404.8001175774268,1214.4003527322805,Apparel,269,43,Gamma Corp,14,0.69,0,A
ORD-01956,2026-05-13,PROD-009,9.0,NORTH,170.80794657082987,1537.2715191374689,Office Supplies,192,77,Alpha Logistics,11,0.83,0,A
ORD-01957,2026-04-30,PROD-027,5.0,EAST,112.43909311635456,562.1954655817727,Home Appliances,268,79,Gamma Corp,13,0.69,0,A
ORD-01958,2026-02-06,PROD-003,5.0,SOUTH,51.49728751890034,257.4864375945017,Electronics,26,18,Gamma Corp,6,7.77,0,A
ORD-01959,2026-03-13,PROD-028,4.0,SOUTH,238.6796292333601,954.7185169334404,Home Appliances,39,23,Alpha Logistics,12,4.26,0,A
ORD-01960,2026-05-07,PROD-010,4.0,NORTH,246.2447284707225,984.97891388289,Home Appliances,275,32,Beta Manufacturing,14,0.59,0,A
ORD-01961,2026-04-16,PROD-019,1.0,SOUTH,422.0452680974245,422.0452680974245,Apparel,171,67,Gamma Corp,5,0.87,0,B
ORD-01962,2026-04-02,PROD-003,7.0,NORTH,118.40696125857134,828.8487288099994,Electronics,26,18,Gamma Corp,6,7.77,0,A
ORD-01963,2026-01-31,PROD-029,9.0,WEST,196.685724097516,1770.1715168776439,Apparel,210,15,Gamma Corp,8,0.94,0,A
ORD-01964,2026-05-02,PROD-029,3.0,NORTH,406.1188120579085,1218.3564361737253,Apparel,210,15,Gamma Corp,8,0.94,0,A
ORD-01965,2026-05-17,PROD-022,2.0,WEST,413.575569266997,827.151138533994,Electronics,18,74,Gamma Corp,3,9.67,1,B
ORD-01966,2026-02-20,PROD-015,3.0,NORTH,198.45942722959643,595.3782816887892,Apparel,248,62,Alpha Logistics,8,0.69,0,A
ORD-01967,2026-01-29,PROD-001,1.0,EAST,234.97077141047365,234.97077141047365,Office Supplies,281,50,Gamma Corp,4,0.47,0,A
ORD-01968,2026-02-09,PROD-007,6.0,SOUTH,158.61008651614864,951.6605190968919,Electronics,63,18,Alpha Logistics,16,2.59,0,B
ORD-01969,2026-02-10,PROD-012,7.0,WEST,466.9518904254629,3268.6632329782406,Office Supplies,179,48,Beta Manufacturing,18,1.24,0,A
ORD-01970,2026-01-11,PROD-017,2.0,NORTH,68.13544521337435,136.2708904267487,Apparel,139,76,Alpha Logistics,16,1.62,0,A
ORD-01971,2026-05-31,PROD-030,8.0,SOUTH,467.5372172707203,3740.2977381657624,Apparel,85,22,Beta Manufacturing,2,1.85,0,A
ORD-01972,2026-01-01,PROD-021,6.0,NORTH,345.0945613993182,2070.5673683959094,Home Appliances,93,40,Alpha Logistics,8,1.61,0,A
ORD-01973,2026-02-15,PROD-026,4.0,SOUTH,270.4703548164983,1081.8814192659931,Home Appliances,96,59,Alpha Logistics,13,1.8,0,A
ORD-01974,2026-04-11,PROD-029,5.0,SOUTH,26.00293978440298,130.0146989220149,Apparel,210,15,Gamma Corp,8,0.94,0,A
ORD-01975,2026-05-29,PROD-024,8.0,NORTH,243.04213399278407,1944.3370719422726,Apparel,269,43,Gamma Corp,14,0.69,0,A
ORD-01976,2026-03-31,PROD-020,3.0,WEST,209.7965714513388,629.3897143540164,Office Supplies,278,38,Beta Manufacturing,14,0.53,0,A
ORD-01977,2026-04-20,PROD-005,3.0,WEST,88.99721786781005,266.99165360343017,Office Supplies,240,20,Gamma Corp,8,0.58,0,B
ORD-01978,2026-06-13,PROD-004,4.0,SOUTH,331.6407057153219,1326.5628228612875,Office Supplies,257,16,Alpha Logistics,15,0.55,0,B
ORD-01979,2026-02-26,PROD-028,1.0,EAST,485.86394461046007,485.86394461046007,Home Appliances,39,23,Alpha Logistics,12,4.26,0,A
ORD-01980,2026-01-01,PROD-012,9.0,EAST,285.4725174216173,2569.2526567945556,Office Supplies,179,48,Beta Manufacturing,18,1.24,0,A
ORD-01981,2026-03-04,PROD-030,8.0,NORTH,360.2291054575335,2881.832843660268,Apparel,85,22,Beta Manufacturing,2,1.85,0,A
ORD-01982,2026-02-24,PROD-020,8.0,NORTH,43.54072175734822,348.3257740587858,Office Supplies,278,38,Beta Manufacturing,14,0.53,0,A
ORD-01983,2026-04-25,PROD-028,6.0,NORTH,214.65682795032745,1287.9409677019648,Home Appliances,39,23,Alpha Logistics,12,4.26,0,A
ORD-01984,2026-06-17,PROD-024,7.0,SOUTH,67.01565773060298,469.1096041142209,Apparel,269,43,Gamma Corp,14,0.69,0,A
ORD-01985,2026-05-23,PROD-018,6.0,NORTH,310.2699594128901,1861.6197564773406,Apparel,25,54,Gamma Corp,12,7.64,1,A
ORD-01986,2026-05-29,PROD-017,9.0,NORTH,469.85625752493576,4228.706317724422,Apparel,139,76,Alpha Logistics,16,1.62,0,A
ORD-01987,2026-06-24,PROD-019,3.0,SOUTH,334.2710889111029,1002.8132667333086,Apparel,171,67,Gamma Corp,5,0.87,0,B
ORD-01988,2026-02-22,PROD-009,3.0,SOUTH,47.63349367406655,142.90048102219964,Office Supplies,192,77,Alpha Logistics,11,0.83,0,A
ORD-01989,2026-05-17,PROD-004,3.0,NORTH,183.78644044269055,551.3593213280717,Office Supplies,257,16,Alpha Logistics,15,0.55,0,B
ORD-01990,2026-06-29,PROD-026,3.0,NORTH,279.8250559260172,839.4751677780516,Home Appliances,96,59,Alpha Logistics,13,1.8,0,A
ORD-01991,2026-02-26,PROD-021,9.0,NORTH,270.2811258091439,2432.5301322822947,Home Appliances,93,40,Alpha Logistics,8,1.61,0,A
ORD-01992,2026-04-27,PROD-002,4.0,WEST,418.4855651328344,1673.9422605313375,Apparel,165,64,Gamma Corp,2,1.32,0,A
ORD-01993,2026-06-03,PROD-004,7.0,NORTH,409.1887923078947,2864.3215461552627,Office Supplies,257,16,Alpha Logistics,15,0.55,0,B
ORD-01994,2026-06-18,PROD-002,9.0,EAST,309.7971998505785,2788.174798655207,Apparel,165,64,Gamma Corp,2,1.32,0,A
ORD-01995,2026-02-04,PROD-015,7.0,EAST,192.9943931150256,1350.9607518051791,Apparel,248,62,Alpha Logistics,8,0.69,0,A
ORD-01996,2026-03-04,PROD-002,9.0,NORTH,135.1148231439896,1216.0334082959066,Apparel,165,64,Gamma Corp,2,1.32,0,A
ORD-01997,2026-01-25,PROD-004,3.0,EAST,61.87841592443336,185.63524777330008,Office Supplies,257,16,Alpha Logistics,15,0.55,0,B
ORD-01998,2026-03-31,PROD-006,4.0,WEST,183.89986490841147,735.5994596336459,Apparel,53,68,Gamma Corp,10,2.85,1,A
ORD-01999,2026-03-16,PROD-007,8.0,SOUTH,212.45453343178255,1699.6362674542604,Electronics,63,18,Alpha Logistics,16,2.59,0,B
ORD-02000,2026-02-07,PROD-010,6.0,EAST,341.1532333009961,2046.9193998059764,Home Appliances,275,32,Beta Manufacturing,14,0.59,0,A
